material_id,formula_pretty,chemsys,spacegroup_number,nsites,volume,density,formation_energy_per_atom,energy_above_hull,band_gap,total_magnetization,magnetic_ordering,is_stable,volume_per_atom,composition_A_fraction,cs_Cubic,cs_Hexagonal,cs_Monoclinic,cs_Orthorhombic,cs_Tetragonal,cs_Triclinic,cs_Trigonal
mp-1079254,Co2As,As-Co,189,9,109.86723073201136,8.741423266064404,-0.073868722361109,0.07119013055555501,0.0,3.2434562,1,0,12.207470081334597,0.3333333333333333,0,1,0,0,0,0,0
mp-18206,Co2As,As-Co,189,36,439.1267276087662,8.748235135935715,-0.085569199027774,0.05948965388889001,0.0,10.3807141,2,0,12.197964655799062,0.3333333333333333,0,1,0,0,0,0,0
mp-22210,Co2As,As-Co,187,3,36.65342077458297,8.734027607821071,0.10824907208333401,0.25330792499999905,0.0,1.5531726,1,0,12.217806924860989,0.3333333333333333,0,1,0,0,0,0,0
mp-16316,Co5As2,As-Co,185,42,493.80969569288357,8.968534117345886,-0.055527417976190006,0.068808741666666,0.0,25.441083,1,0,11.757373706973418,0.2857142857142857,0,1,0,0,0,0,0
mp-15679,CoAs,As-Co,194,8,107.44329564278102,8.274918040050586,-0.18689665437500103,0.030691624999999,0.0,3.2e-06,0,1,13.430411955347628,0.5,0,1,0,0,0,0,0
mp-583,CoAs,As-Co,62,8,105.57543281069009,8.421319635896511,-0.213544173750001,0.0040441056249980005,0.0,1.368862099999999,1,1,13.196929101336261,0.5,0,0,0,1,0,0,0
mp-1018672,CoAs2,As-Co,58,6,91.92037809190512,7.543079505934778,-0.270437095,0.019680610833333,0.0,0.0,0,1,15.32006301531752,0.6666666666666666,0,0,0,1,0,0,0
mp-2715,CoAs2,As-Co,14,12,183.76838977981774,7.546049905466102,-0.290117705833334,0.0,0.172299999999999,0.0,0,1,15.314032481651479,0.6666666666666666,0,0,1,0,0,0,0
mp-452,CoAs3,As-Co,204,16,275.5006481481551,6.839789408557092,-0.29503400499999904,0.0,0.0,4e-07,0,1,17.218790509259694,0.75,1,0,0,0,0,0,0
mp-2644,CoSb,Co-Sb,194,4,66.00239566445079,9.092036928225594,-0.038880820000002,0.05970856333333,0.0,0.014540299999999002,0,0,16.500598916112697,0.5,0,1,0,0,0,0,0
mp-755,CoSb2,Co-Sb,14,12,240.51946891339605,8.352510478830764,-0.100823533333335,0.030628977777777,0.0,0.0,0,1,20.043289076116338,0.3333333333333333,0,0,1,0,0,0,0
mp-9835,CoSb2,Co-Sb,58,6,120.4577884857717,8.338777466013516,-0.090882553333334,0.040569957777776,0.0,2e-07,0,1,20.07629808096195,0.3333333333333333,0,0,0,1,0,0,0
mp-1317,CoSb3,Co-Sb,204,16,371.0008899393585,7.594834427268833,-0.147884075,0.0,0.1633,0.0,0,1,23.187555621209906,0.25,1,0,0,0,0,0,0
mp-684822,Co19Te34,Co-Te,2,53,1165.0615239633253,7.779365363838764,-0.17299838613207402,0.004905165660375001,0.0,2.485854,1,1,21.9822929049684,0.3584905660377358,0,0,0,0,0,1,0
mp-1183699,Co3Te,Co-Te,139,4,51.561386550286784,9.803215866903717,0.22563960875000003,0.294969669374999,0.0,2.9081134,1,0,12.890346637571696,0.75,0,0,0,0,1,0,0
mp-1226090,Co5Te6,Co-Te,148,11,215.19290030745515,8.181557430374221,-0.07194367636363701,0.07932191045454201,0.0,2.9695361,2,0,19.562990937041377,0.45454545454545453,0,0,0,0,0,0,1
mp-788,CoTe,Co-Te,194,4,70.18963916973209,8.82596523302224,-0.048279489999998,0.09038063124999901,0.0,0.0061255,0,0,17.547409792433022,0.5,0,1,0,0,0,0,0
mp-1009641,CoTe2,Co-Te,164,3,68.8033664363929,7.581466858828933,-0.16567397,0.019206191666661,0.0,1e-06,0,1,22.934455478797634,0.3333333333333333,0,0,0,0,0,0,1
mp-1103359,CoTe2,Co-Te,205,12,257.5052654876262,8.10283147298891,-0.16129386583333302,0.023586295833329003,0.0,3.8913811,1,1,21.458772123968853,0.3333333333333333,1,0,0,0,0,0,0
mp-9945,CoTe2,Co-Te,58,6,133.87904742648016,7.79256280113331,-0.18488016166666402,0.0,0.0,1.9998752,1,1,22.313174571080026,0.3333333333333333,0,0,0,1,0,0,0
mp-685129,Co17Se20,Co-Se,2,74,1140.8623394253868,7.51354125796344,-0.274566292511259,0.056337090090091003,0.0,9.984608399999999,1,0,15.417058640883607,0.4594594594594595,0,0,0,0,0,1,0
mp-684829,Co27Se32,Co-Se,2,59,915.967969720697,7.465283784000802,-0.27730436474575904,0.054720724237290005,0.0,10.3384498,1,0,15.524880842723679,0.4576271186440678,0,0,0,0,0,1,0
mp-1183684,Co3Se,Co-Se,221,4,45.37025835542168,9.360730971000793,0.251843486640623,0.404886301093748,0.0,0.6610905,1,0,11.34256458885542,0.75,1,0,0,0,0,0,0
mp-11800,Co3Se4,Co-Se,12,7,117.19243222170982,6.9803763019312814,-0.304040632321429,0.045771514999998,0.0,2.371837,1,1,16.74177603167283,0.42857142857142855,0,0,1,0,0,0,0
mp-20456,Co3Se4,Co-Se,227,14,247.9330902955117,6.598935831204135,-0.349812147321427,0.0,0.0,0.0001266,3,1,17.709506449679406,0.42857142857142855,1,0,0,0,0,0,0
mp-22745,Co9Se8,Co-Se,225,17,267.56351391444343,7.212034043477344,-0.199138281323528,0.088942310588233,0.0,7.75e-05,0,0,15.739030230261378,0.5294117647058824,1,0,0,0,0,0,0
mp-426,CoSe,Co-Se,194,4,58.687792314598006,7.80322545064746,-0.171329268072916,0.134756360833332,0.0,0.033807,0,0,14.671948078649502,0.5,0,1,0,0,0,0,0
mp-604908,CoSe,Co-Se,129,4,71.80527544580197,6.3777218566238,-0.18550216203125,0.120583466874998,0.0,0.482307999999999,1,0,17.951318861450492,0.5,0,0,0,0,1,0,0
mp-1390196,CoSe2,Co-Se,227,12,228.7407695139458,6.296965823446243,-0.272248261874999,0.0734303275,0.0,2.03e-05,0,0,19.061730792828815,0.3333333333333333,1,0,0,0,0,0,0
mp-20862,CoSe2,Co-Se,58,6,104.36753164439513,6.900483250700044,-0.345678589375,0.0,0.0,1.9999991,1,1,17.39458860739919,0.3333333333333333,0,0,0,1,0,0,0
mp-22309,CoSe2,Co-Se,205,12,203.67643211583007,7.071867830240545,-0.334087931874999,0.011590657500001001,0.0,3.9991898999999993,1,1,16.973036009652507,0.3333333333333333,1,0,0,0,0,0,0
mp-13446,Co2P,Co-P,189,9,94.76276434363403,7.824430474983884,-0.38518074488095305,0.021158108611109002,0.0,3.8826161,1,1,10.52919603818156,0.6666666666666666,0,1,0,0,0,0,0
mp-22204,Co2P,Co-P,62,12,127.22710368566405,7.770510525345912,-0.40633885349206106,0.0,0.0,4.5759904,1,1,10.602258640472003,0.6666666666666666,0,0,0,1,0,0,0
mp-1213762,Co3P,Co-P,82,16,172.46138987283362,8.002156539411844,-0.257176048869045,0.047578091250001,0.0,11.6229131,1,1,10.778836867052101,0.75,0,0,0,0,1,0,0
mp-22270,CoP,Co-P,62,8,89.8432138222804,6.6468688332074155,-0.500380255238095,0.0,0.0,2e-07,0,1,11.23040172778505,0.5,0,0,0,1,0,0,0
mp-14285,CoP2,Co-P,14,12,154.83268856077132,5.185653188975327,-0.506288872817461,0.0,0.437799999999999,0.0,0,1,12.902724046730944,0.3333333333333333,0,0,1,0,0,0,0
mp-1944,CoP3,Co-P,204,16,226.76869221354147,4.44788556440261,-0.495244297857142,0.0,0.0,0.0,0,1,14.173043263346342,0.25,1,0,0,0,0,0,0
mp-1183728,Co2S3,Co-S,167,10,139.3154050785157,5.102914506050053,-0.48004295168749905,0.014933415000001001,0.0,9.83e-05,0,1,13.93154050785157,0.4,0,0,0,0,0,0,1
mp-684732,Co2S3,Co-S,141,40,602.8439595321713,4.717072073132108,-0.46939558168750106,0.025580784999998003,0.0,1.7624425,1,1,15.071098988304282,0.4,0,0,0,0,1,0,0
mp-1183733,Co3S,Co-S,194,8,90.26433511293399,7.684714069798743,0.256451934765625,0.489732716718748,0.0,9.8793764,1,0,11.283041889116749,0.75,0,1,0,0,0,0,0
mp-943,Co3S4,Co-S,227,14,212.52255835244327,4.767149073118238,-0.5121890544642861,0.0,0.0,5.9407159,1,1,15.180182739460234,0.42857142857142855,1,0,0,0,0,0,0
mp-1513,Co9S8,Co-S,225,17,229.35780232493886,5.697252596911768,-0.439116766029411,0.0,0.0,2e-07,0,1,13.491635430878757,0.5294117647058824,1,0,0,0,0,0,0
mp-1147746,CoS,Co-S,129,4,65.81341856176692,4.591952859758208,-0.37589248890624904,0.084537027916667,0.0,1.1458359,1,0,16.45335464044173,0.5,0,0,0,0,1,0,0
mp-1274,CoS,Co-S,194,4,49.84316697509426,6.063260701836613,-0.27557334911458403,0.18485616770833202,0.0,4.9500000000000004e-05,0,0,12.460791743773566,0.5,0,1,0,0,0,0,0
mp-1042106,CoS2,Co-S,122,6,125.66071986937258,3.252428335131963,-0.13739161187499901,0.317421816666666,0.0,1.94e-05,0,0,20.9434533115621,0.3333333333333333,0,0,0,0,1,0,0
mp-1387852,CoS2,Co-S,166,3,63.347958341712854,3.225853655074376,-0.336298066874999,0.11851536166666601,0.0,0.3546297,1,0,21.115986113904285,0.3333333333333333,0,0,0,0,0,0,1
mp-1390701,CoS2,Co-S,227,12,201.73160206734354,4.051943093970883,-0.35631343937500004,0.09849998916666701,0.0,0.0005963,0,0,16.810966838945294,0.3333333333333333,1,0,0,0,0,0,0
mp-2070,CoS2,Co-S,205,12,168.5685481851701,4.849095401441955,-0.454813428541667,0.0,0.0,4.0000004,1,1,14.047379015430842,0.3333333333333333,1,0,0,0,0,0,0
mp-850049,CoS2,Co-S,61,12,167.9399133832789,4.867246596507061,-0.452915192708333,0.0018982358333330001,0.0,4.0121774,1,1,13.994992781939908,0.3333333333333333,0,0,0,1,0,0,0
mp-571365,Co2Sn,Co-Sn,194,6,82.74751219737539,9.495012657133586,0.15768789333333302,0.22160767722222102,0.0,2.3290159,1,0,13.791252032895898,0.6666666666666666,0,1,0,0,0,0,0
mp-1183774,Co3Sn,Co-Sn,194,8,103.6863851924636,9.465181171788405,0.1127828275,0.16072266541666602,0.0,6.3560713,1,0,12.96079814905795,0.75,0,1,0,0,0,0,0
mp-1226145,Co3Sn,Co-Sn,123,4,52.817018363350385,9.290664745054078,0.21022370374999902,0.258163541666665,0.0,4.0697731,1,0,13.204254590837596,0.75,0,0,0,0,1,0,0
mp-1190274,Co3Sn2,Co-Sn,62,20,300.6487967746747,9.151246376799453,-0.0027221419999990002,0.07398159866666601,0.0,0.041946699999999004,0,0,15.032439838733733,0.6,0,0,0,1,0,0,0
mp-1226032,Co3Sn2,Co-Sn,187,5,78.2483160698315,8.790320834885417,0.058984154000000004,0.135687894666665,0.0,2.3171778,1,0,15.649663213966301,0.6,0,1,0,0,0,0,0
mp-20536,CoSn,Co-Sn,191,6,99.80698048320899,8.866618260115631,-0.09587967583333301,0.0,0.0,2e-07,0,1,16.6344967472015,0.5,0,1,0,0,0,0,0
mp-20155,CoSn2,Co-Sn,140,6,108.31883826652756,9.086250659342552,-0.05180113000000101,0.01292766986111,0.0,0.0,0,1,18.053139711087926,0.3333333333333333,0,0,0,0,1,0,0
mp-1183777,CoSn3,Co-Sn,64,16,330.70997637671036,8.33635148182184,-0.045815538125000006,0.003337823749999,0.0,8e-07,0,1,20.669373523544397,0.25,0,0,0,1,0,0,0
mp-985707,CoSn3,Co-Sn,142,32,676.8834483191839,8.145906384524958,-0.049153361874999,0.0,0.0,0.0118687,0,1,21.152607759974497,0.25,0,0,0,0,1,0,0
mp-1102616,Co2Ge,Co-Ge,62,12,136.009828183683,9.30354246473159,-0.017419259166665,0.030897123333332003,0.0,6.6205707,1,1,11.33415234864025,0.6666666666666666,0,0,0,1,0,0,0
mp-1667,Co2Ge,Co-Ge,194,6,69.67412891010014,9.080653263426093,0.003922618333334,0.052239000833331,0.0,0.373363599999999,1,0,11.612354818350022,0.6666666666666666,0,1,0,0,0,0,0
mp-1226445,Co3Ge2,Co-Ge,187,5,63.836420630360024,8.378065815182266,-5.5336000002625965e-05,0.05792432299999901,0.0,2.9131476,1,0,12.767284126072004,0.6,0,1,0,0,0,0,0
mp-1226010,Co4Ge,Co-Ge,166,5,58.85448198242146,8.700527657672522,0.19767345599999803,0.226663285499999,0.0,6.0732227,1,0,11.770896396484293,0.8,0,0,0,0,0,0,1
mp-1226058,Co4Ge,Co-Ge,123,5,69.58041870238496,7.359326917193376,0.8074949959999981,0.836484825499999,0.0,7.1890066,1,0,13.916083740476992,0.8,0,0,0,0,1,0,0
mp-22732,Co5Ge7,Co-Ge,107,12,186.9034492990549,7.13553052483334,0.5074044600000011,0.5677999381250001,0.0,2.5261294,1,0,15.575287441587909,0.4166666666666667,0,0,0,0,1,0,0
mp-1226096,Co7Ge4,Co-Ge,187,11,134.43886618511928,8.684336402413928,0.021171623636364,0.07388040454545701,0.0,6.3114854,1,0,12.221715107738117,0.6363636363636364,0,1,0,0,0,0,0
mp-10692,CoGe,Co-Ge,198,8,96.03885656592128,9.099751422588541,-0.049292305000001,0.023182268750000002,0.0,5e-07,0,1,12.00485707074016,0.5,1,0,0,0,0,0,0
mp-1079143,CoGe,Co-Ge,12,8,129.05116889864905,6.771962850997993,0.593298122499998,0.665772696249999,0.0,4.3762665,1,0,16.13139611233113,0.5,0,0,1,0,0,0,0
mp-1182234,CoGe,Co-Ge,8,8,112.35398106128707,7.778360084835856,0.155104668749999,0.22757924250000003,0.0,0.0751278,1,0,14.044247632660884,0.5,0,0,1,0,0,0,0
mp-21237,CoGe,Co-Ge,12,8,103.63940110076324,8.432408064668786,-0.072474573750001,0.0,0.0,1e-07,0,1,12.954925137595405,0.5,0,0,1,0,0,0,0
mp-30045,CoGe2,Co-Ge,64,12,169.3037058626698,8.011732205974674,-0.030440754166666,0.017875628333333,0.0,1e-07,0,1,14.108642155222483,0.3333333333333333,0,0,0,1,0,0,0
mp-19905,Co2Si,Co-Si,62,12,125.322678636893,7.735513406677512,-0.331056189166666,0.0,0.0,6.0605087,1,1,10.443556553074417,0.6666666666666666,0,0,0,1,0,0,0
mp-1105498,Co2Si3,Co-Si,116,20,245.0922040721571,5.47766023598664,-0.241066568,0.202750637000001,0.0,1.8139151,1,0,12.254610203607855,0.4,0,0,0,0,1,0,0
mp-1079393,Co3Si,Co-Si,194,8,85.2058699549065,7.985827454991447,-0.1794570825,0.06883505937499901,0.0,0.000323999999999,0,0,10.650733744363313,0.75,0,1,0,0,0,0,0
mp-22746,CoSi,Co-Si,221,2,21.515895900670973,6.715869199178636,-0.29181173125000004,0.20111362124999901,0.0,0.6461222,1,0,10.757947950335486,0.5,1,0,0,0,0,0,0
mp-7577,CoSi,Co-Si,198,8,84.20725641751147,6.863918798427957,-0.4929253525,0.0,0.0,0.0,0,1,10.525907052188934,0.5,1,0,0,0,0,0,0
mp-2379,CoSi2,Co-Si,225,3,37.49040591187122,5.098238012582362,-0.41107844000000104,0.0,0.0,1.2e-06,0,1,12.496801970623741,0.3333333333333333,1,0,0,0,0,0,0
mp-22631,Co2N,Co-N,58,6,53.65453019820948,8.16260684677714,0.17786528208333302,0.17786528208333502,0.0,0.0278467,0,0,8.94242169970158,0.6666666666666666,0,0,0,1,0,0,0
mp-1205986,Co3N,Co-N,182,8,76.37573899932461,8.29690932085424,0.159141146562499,0.159141146562499,0.0,7.3738857,1,0,9.546967374915576,0.75,0,1,0,0,0,0,0
mp-1206425,Co4N,Co-N,221,5,51.045433038608465,8.12417758702737,0.06959518424999901,0.06959518425000101,0.0,6.8117786,1,0,10.209086607721693,0.8,1,0,0,0,0,0,0
mp-1008985,CoN,Co-N,221,2,16.02801619001904,7.55673963173468,0.8723944950000001,0.8723944950000001,0.0,1.2060564,1,0,8.01400809500952,0.5,1,0,0,0,0,0,0
mp-1009078,CoN,Co-N,225,2,16.08901255911837,7.528090659147261,0.374160344999999,0.374160344999999,0.0,0.014129899999999002,0,0,8.044506279559185,0.5,1,0,0,0,0,0,0
mp-1404786,CoN,Co-N,40,4,54.073629080612356,4.479800864877714,0.917878407499999,0.917878407499999,0.0,1.060515399999999,1,0,13.518407270153089,0.5,0,0,0,1,0,0,0
mp-448,CoN,Co-N,216,2,18.78955470500436,6.446110462050669,0.10286146062500001,0.10286146062500001,0.0,1.83e-05,0,0,9.39477735250218,0.5,1,0,0,0,0,0,0
mp-1194075,CoN12,Co-N,2,26,467.53328643704356,1.612569432305313,1.577843695769231,1.577843695769231,0.32770000000000005,15.9998509,1,0,17.98204947834783,0.07692307692307693,0,0,0,0,0,1,0
mp-1412630,CoN12,Co-N,2,26,467.53323018121256,1.612569626337368,5.822058452692308,5.822058452692309,0.0,0.4571073,2,0,17.982047314662022,0.07692307692307693,0,0,0,0,0,1,0
mp-22762,CoN3,Co-N,204,16,122.51428716632716,5.4732192996204,0.383967929999998,0.383967929999998,0.0,0.0276351,0,0,7.657142947895448,0.25,1,0,0,0,0,0,0
mp-766681,Co15O28,Co-O,2,43,470.9993619526045,4.6959866036058155,-1.08509475116279,0.023970381727576002,0.49620000000000003,15.0001521,1,1,10.9534735337815,0.3488372093023256,0,0,0,0,0,1,0
mp-850026,Co21O40,Co-O,82,61,644.9330543553015,4.834274586470409,-1.049597354918032,0.048658195807965,0.0,21.0002894,1,1,10.572673022218057,0.3442622950819672,0,0,0,0,1,0,0
mp-2740066,Co23O32,Co-O,121,55,516.425158920953,6.004672964463483,-1.332651985636364,0.004434659181818,0.0,23.0234144,1,1,9.389548344017326,0.41818181818181815,0,0,0,0,1,0,0
mp-705564,Co23O32,Co-O,1,55,561.3785059756846,5.523838474278383,-1.272912193454546,0.0,0.0,19.6148521,2,1,10.20688192683063,0.41818181818181815,0,0,0,0,0,1,0
mp-705563,Co29O40,Co-O,1,69,727.9768602068345,5.358234126387961,-1.181368133913043,0.095079775942028,0.0,87.0019955,1,0,10.550389278359921,0.42028985507246375,0,0,0,0,0,1,0
mp-1043418,Co2O3,Co-O,63,20,226.18613795884957,4.870760585879938,-0.929350249999999,0.300602043428572,0.151899999999999,12.0009821,2,0,11.309306897942479,0.4,0,0,0,1,0,0,0
mp-1271784,Co3O4,Co-O,74,14,146.7422048629406,5.449735925574735,-1.259956513571428,0.030381710714285002,0.0,6.0000509,1,1,10.481586061638614,0.42857142857142855,0,0,0,1,0,0,0
mp-1271793,Co3O4,Co-O,166,14,144.75003821314965,5.524739582189392,-1.290338224285714,0.0,0.0,5.9998429,1,1,10.339288443796404,0.42857142857142855,0,0,0,0,0,0,1
mp-1271940,Co3O4,Co-O,141,14,146.7422048629406,5.449735925574735,-1.200440123571428,0.089898100714285,0.0,17.9998604,1,0,10.481586061638614,0.42857142857142855,0,0,0,0,1,0,0
mp-18748,Co3O4,Co-O,227,14,130.21434052448745,6.141460782418401,-1.279858292857144,0.010479931428569001,0.0,5.9999998,1,1,9.301024323177675,0.42857142857142855,1,0,0,0,0,0,0
mp-1046082,Co5O7,Co-O,63,24,273.5798507358449,4.936604523060536,-0.861694277499999,0.40763792428571405,0.0,7.847357899999999,2,0,11.39916044732687,0.4166666666666667,0,0,0,1,0,0,0
mp-761471,Co5O8,Co-O,216,13,125.70728249592105,5.583172104968004,-1.169614579999998,0.023987028791211003,0.0,4.993443,1,1,9.669790961224695,0.38461538461538464,1,0,0,0,0,0,0
mp-2215229,Co7O12,Co-O,1,19,198.02074721820347,5.069355950460887,-1.003273052105263,0.152064678120301,0.1673,9.0447752,2,0,10.422144590431762,0.3684210526315789,0,0,0,0,0,1,0
mp-756900,Co7O12,Co-O,5,19,199.00068508842463,5.044392951608494,-1.030352374736842,0.12498535548872201,0.0,12.4063836,1,0,10.473720267811823,0.3684210526315789,0,0,1,0,0,0,0
mp-1343966,Co9O13,Co-O,12,22,247.08745660224707,4.9623199981995025,-1.003932737045455,0.24749950639610402,0.0,29.0003672,1,0,11.231248027374868,0.4090909090909091,0,0,1,0,0,0,0
mp-1244882,CoO,Co-O,1,80,1044.2359862327437,4.766298154811251,-0.8700932445,0.401737901749999,0.2197,103.9999995,1,0,13.052949827909297,0.5,0,0,0,0,0,1,0
mp-1244939,CoO,Co-O,1,80,997.8887168179468,4.987670439084296,-0.8624241946250011,0.409406951625,0.258099999999999,118.0000003,1,0,12.473608960224336,0.5,0,0,0,0,0,1,0
mp-1245089,CoO,Co-O,1,80,1022.3265623574213,4.8684444263011795,-0.9030274552499991,0.36880369100000104,0.2662,120.0000007,1,0,12.779082029467766,0.5,0,0,0,0,0,1,0
mp-1245304,CoO,Co-O,1,80,1043.5196614446731,4.769569983452121,-0.887707466874999,0.384123679375001,0.347099999999999,118.0,1,0,13.043995768058414,0.5,0,0,0,0,0,1,0
mp-19079,CoO,Co-O,225,4,38.31257810465772,6.49543870523758,-1.23491615,0.036914996250001005,0.0,5.9999998,1,1,9.57814452616443,0.5,1,0,0,0,0,0,0
mp-19128,CoO,Co-O,186,4,46.30051749653841,5.374821193673203,-1.27141856625,0.00041258,0.7120000000000001,3.55e-05,3,1,11.575129374134603,0.5,0,1,0,0,0,0,0
mp-19275,CoO,Co-O,139,8,79.70449348400037,6.244491165818308,-1.140194398750001,0.131636747499999,0.0,0.0001526,3,0,9.963061685500046,0.5,0,0,0,0,1,0,0
mp-22408,CoO,Co-O,216,4,45.6458388279094,5.451909946417111,-1.2718311462500012,0.0,0.5880000000000001,7e-07,3,1,11.41145970697735,0.5,1,0,0,0,0,0,0
mp-1041988,CoO2,Co-O,74,12,124.53609843719327,4.849875080277291,-0.8186206300000001,0.253812030000001,0.0,9.9979133,1,0,10.378008203099439,0.3333333333333333,0,0,0,1,0,0,0
mp-1047639,CoO2,Co-O,63,12,126.05260343648641,4.791527536437043,-0.837622926666667,0.23480973333333402,0.0,4.0010525,1,0,10.5043836197072,0.3333333333333333,0,0,0,1,0,0,0
mp-1062643,CoO2,Co-O,42,3,59.552919313821576,2.5354950158813,-0.551763283333333,0.520669376666668,0.0,2.6573725,1,0,19.850973104607192,0.3333333333333333,0,0,0,1,0,0,0
mp-1062939,CoO2,Co-O,166,12,132.89098901235565,4.54496218964363,-0.965931922500002,0.10650073749999901,0.0,3.997366,1,0,11.07424908436297,0.3333333333333333,0,0,0,0,0,0,1
mp-1063268,CoO2,Co-O,65,3,230.84453388018053,0.654103121106389,-0.6623328300000001,0.41009983000000005,0.0,3.0003964,1,0,76.94817796006018,0.3333333333333333,0,0,0,1,0,0,0
mp-1178540,CoO2,Co-O,5,24,268.9339806513023,4.491693604079174,-1.046557010416666,0.025875649583334003,0.0,7.9996377,1,1,11.205582527137596,0.3333333333333333,0,0,1,0,0,0,0
mp-1181781,CoO2,Co-O,12,3,133.0912067326342,1.134531227181001,0.23750547999999902,1.30993814,0.9901999999999991,0.999902699999999,1,0,44.36373557754473,0.3333333333333333,0,0,1,0,0,0,0
mp-1226115,CoO2,Co-O,8,3,155.4837253241949,0.9711378460127441,-0.41563720000000004,0.656795460000001,0.0,1.995114,1,0,51.8279084413983,0.3333333333333333,0,0,1,0,0,0,0
mp-1244867,CoO2,Co-O,1,90,1216.4339148454005,3.723904642708839,-0.43809933244444504,0.634333327555556,0.0,87.9999991,2,0,13.515932387171118,0.3333333333333333,0,0,0,0,0,1,0
mp-1244948,CoO2,Co-O,1,90,1114.0442016691466,4.066161734206108,-0.37509983755555504,0.697332822444446,0.0128,68.0230196,2,0,12.378268907434961,0.3333333333333333,0,0,0,0,0,1,0
mp-1245011,CoO2,Co-O,1,90,1181.828781905541,3.832944308343416,-0.37523682144444404,0.697195838555557,0.023500000000000004,86.0000006,2,0,13.131430910061567,0.3333333333333333,0,0,0,0,0,1,0
mp-1245099,CoO2,Co-O,1,90,1148.6843334961923,3.9435411199993453,-0.34032196800000003,0.732110692,0.13419999999999901,75.9999998,2,0,12.763159261068804,0.3333333333333333,0,0,0,0,0,1,0
mp-1245119,CoO2,Co-O,1,90,1196.1805942140124,3.786956522244683,-0.48400639300000003,0.588426267000001,0.02,77.9998525,2,0,13.290895491266806,0.3333333333333333,0,0,0,0,0,1,0
mp-1272680,CoO2,Co-O,12,12,135.1072028850371,4.470409478608143,-1.058268314166666,0.014164345833335002,1.2544,0.008284,3,1,11.258933573753092,0.3333333333333333,0,0,1,0,0,0,0
mp-1272749,CoO2,Co-O,166,6,91.87853330448169,3.286864181886336,-0.9527355033333351,0.11969715666666601,0.0,1.999965,1,0,15.313088884080281,0.3333333333333333,0,0,0,0,0,0,1
mp-1275937,CoO2,Co-O,194,12,132.48253557675167,4.558974643534011,-0.9759310266666691,0.096501633333332,0.0,9.420000000000004e-05,3,0,11.040211298062639,0.3333333333333333,0,1,0,0,0,0,0
mp-1278455,CoO2,Co-O,2,12,134.99703109462388,4.474057803405697,-1.0599715175,0.012461142500001,0.838499999999999,8.2765807,2,1,11.249752591218657,0.3333333333333333,0,0,0,0,0,1,0
mp-1278937,CoO2,Co-O,141,12,126.98387973885814,4.756387359148226,-1.015104255,0.057328405000000006,0.9448000000000001,0.0014563,3,0,10.581989978238179,0.3333333333333333,0,0,0,0,1,0,0
mp-1281832,CoO2,Co-O,15,6,103.50553984445028,2.9176434484240192,-0.9991842650000001,0.07324839500000101,1.026399999999999,2.000123,1,0,17.25092330740838,0.3333333333333333,0,0,1,0,0,0,0
mp-1344053,CoO2,Co-O,62,24,236.6150919489178,5.10520707221749,-1.04716461125,0.025268048749999,0.0125,8.0035053,1,1,9.858962164538243,0.3333333333333333,0,0,0,1,0,0,0
mp-1349907,CoO2,Co-O,8,48,516.7725612771,4.675051004355778,-0.8911470662500001,0.181285593750001,0.0,30.7182459,2,0,10.76609502660625,0.3333333333333333,0,0,1,0,0,0,0
mp-1356781,CoO2,Co-O,156,36,387.28942383725746,4.678551619777537,-0.9684907675000001,0.10394189250000001,0.0,20.0023655,1,0,10.75803955103493,0.3333333333333333,0,0,0,0,0,0,1
mp-1359404,CoO2,Co-O,156,36,388.1143202512593,4.668607847408153,-0.9890051244444441,0.083427535555556,0.0,16.0011211,1,0,10.780953340312758,0.3333333333333333,0,0,0,0,0,0,1
mp-1400906,CoO2,Co-O,87,12,124.58651702114541,4.847912397318181,-1.072432660000001,0.0,0.5904,3.9896382999999993,1,1,10.382209751762117,0.3333333333333333,0,0,0,0,1,0,0
mp-1408926,CoO2,Co-O,194,6,83.98293221264305,3.595876593569197,0.207418328333332,1.279850988333334,0.0,0.0013456,0,0,13.997155368773841,0.3333333333333333,0,1,0,0,0,0,0
mp-25234,CoO2,Co-O,166,6,60.89195773500494,4.95947693974611,-0.9836911083333351,0.088741551666665,0.0,4.58e-05,3,0,10.148659622500823,0.3333333333333333,0,0,0,0,0,0,1
mp-32686,CoO2,Co-O,164,6,58.485525816429195,5.163538430869658,-0.964946561666669,0.107486098333332,0.0,0.0006284,3,0,9.747587636071533,0.3333333333333333,0,0,0,0,0,0,1
mp-504097,CoO2,Co-O,227,12,121.26503310855642,4.980698103342096,-0.9527369491666691,0.11969571083333201,0.0,3.9991429,1,0,10.105419425713036,0.3333333333333333,1,0,0,0,0,0,0
mp-550206,CoO2,Co-O,166,3,55.87195158469191,2.702539034679908,-1.065683248333333,0.0067494116666670005,0.0,0.999995099999999,1,1,18.623983861563968,0.3333333333333333,0,0,0,0,0,0,1
mp-556750,CoO2,Co-O,12,3,78.48011233546804,1.9240050199716032,-0.9094040000000001,0.16302866000000102,0.0,1.0000209,1,0,26.16003744515601,0.3333333333333333,0,0,1,0,0,0,0
mp-754720,CoO2,Co-O,166,6,71.7971837569174,4.20618531814844,-0.9321049816666671,0.140327678333334,0.0,1.999944999999999,1,0,11.966197292819567,0.3333333333333333,0,0,0,0,0,0,1
mp-754748,CoO2,Co-O,39,12,147.5680165419426,4.092922941969851,-1.0666341325,0.005798527500001,1.126,4e-07,3,1,12.29733471182855,0.3333333333333333,0,0,0,1,0,0,0
mp-755508,CoO2,Co-O,186,24,233.0848168416847,5.182529935579118,-1.004605635,0.067827025,0.0,8.0000656,1,0,9.71186736840353,0.3333333333333333,0,1,0,0,0,0,0
mp-756488,CoO2,Co-O,160,12,129.93833538773998,4.648239633078222,-0.952473294166666,0.11995936583333401,0.0,8.0027239,1,0,10.828194615644998,0.3333333333333333,0,0,0,0,0,0,1
mp-796278,CoO2,Co-O,64,6,124.29623775597089,2.429617063676931,-0.9081383900000001,0.16429427000000102,0.0,2.0014581,1,0,20.716039625995148,0.3333333333333333,0,0,0,1,0,0,0
mp-856161,CoO2,Co-O,64,12,124.19826226404112,4.863067400423475,-0.9833477650000021,0.08908489499999901,0.0,1.4e-06,3,0,10.349855188670093,0.3333333333333333,0,0,0,1,0,0,0
mp-1079523,CoO4,Co-O,11,10,196.48956487420548,2.077783496710197,-0.044351181,0.599108415,0.0161,1.9991075,2,0,19.64895648742055,0.2,0,0,1,0,0,0,0
mp-601848,Fe11Co5,Co-Fe,123,16,182.6795915812145,8.262363605796118,-0.049183250625,0.0,0.0,38.6373377,1,1,11.417474473825907,0.3125,0,0,0,0,1,0,0
mp-641526,Fe13Co3,Co-Fe,123,16,184.42716416903207,8.128461329822313,-0.027467104999999003,0.0037431268750010003,0.0,39.9137877,1,1,11.526697760564504,0.1875,0,0,0,0,1,0,0
mp-18695,Fe15Co,Co-Fe,221,16,187.73996373316922,7.930399610321035,-0.009417776874999001,0.0009856337500000001,0.0,42.0670742,1,1,11.733747733323076,0.0625,1,0,0,0,0,0,0
mp-601820,Fe3Co,Co-Fe,123,4,45.778260642464964,8.21480064690456,-0.041613642499999,0.0,0.0,9.7767383,1,1,11.444565160616241,0.25,0,0,0,0,1,0,0
mp-1084832,Fe5Co3,Co-Fe,229,8,85.09936332657782,8.89838195165501,-0.0019012150000000002,0.0510832340625,0.0,17.8997504,1,0,10.637420415822227,0.375,1,0,0,0,0,0,0
mp-1080603,Fe7Co,Co-Fe,229,8,91.92474536878193,8.126109012760738,-0.020268399999999003,0.0005384212500000001,0.0,19.8978244,1,1,11.490593171097741,0.125,1,0,0,0,0,0,0
mp-601842,Fe9Co7,Co-Fe,221,16,182.58218119015507,8.32294441868472,-0.056785647499999,0.0,0.0,38.4532628,1,1,11.411386324384692,0.4375,1,0,0,0,0,0,0
mp-1225016,FeCo,Co-Fe,65,2,22.718594336402774,8.389325235934075,0.047685790000000006,0.103059915000001,0.0,4.6840705,1,0,11.359297168201387,0.5,0,0,0,1,0,0,0
mp-2090,FeCo,Co-Fe,221,2,22.88274681661618,8.32914327631918,-0.055374125,0.0,0.0,4.8366533,1,1,11.44137340830809,0.5,1,0,0,0,0,0,0
mp-1007852,FeCo3,Co-Fe,221,4,44.20049546045879,8.740069947203132,0.028938069999999,0.056625132499999,0.0,8.1292799,1,0,11.050123865114697,0.75,1,0,0,0,0,0,0
mp-1225083,FeCo3,Co-Fe,123,4,42.95434444910822,8.99362863011787,0.05374232749999901,0.081429389999999,0.0,7.1199937,1,0,10.738586112277055,0.75,0,0,0,0,1,0,0
mp-1096987,FeCo9,Co-Fe,123,10,130.34090312357782,7.468727271321804,0.6267293099999981,0.637804134999999,0.0,17.8917961,1,0,13.034090312357781,0.9,0,0,0,0,1,0,0
mp-1008349,Co3Ni,Co-Ni,221,4,42.74719400073707,9.147858956449987,-0.007562662499999001,0.015651018749998,0.0,6.2386071,1,1,10.686798500184267,0.75,1,0,0,0,0,0,0
mp-1183837,Co3Ni,Co-Ni,194,8,84.7416530296993,9.229116674551973,-0.023213681249998,0.0,0.0,12.1604263,1,1,10.592706628712412,0.75,0,1,0,0,0,0,0
mp-1226559,Co3Ni,Co-Ni,187,4,42.5007957607719,9.200893642176961,0.0007653474999990001,0.023979028749998,0.0,6.1498343,1,1,10.625198940192975,0.75,0,1,0,0,0,0,0
mp-1006883,CoNi,Co-Ni,221,2,22.00361976823828,8.876882909537516,0.154101905,0.16957769249999902,0.0,2.3086642,1,0,11.00180988411914,0.5,1,0,0,0,0,0,0
mp-1226063,CoNi,Co-Ni,65,2,21.686116211311973,9.006848177210772,0.10764406500000001,0.123119852499998,0.0,2.2885892,1,0,10.843058105655986,0.5,0,0,0,1,0,0,0
mp-1226076,CoNi,Co-Ni,166,2,21.187145840237367,9.218965014989857,0.014804099999999001,0.030279887499997004,0.0,2.5338178,1,1,10.593572920118683,0.5,0,0,0,0,0,0,1
mp-1183751,CoNi3,Co-Ni,221,4,42.40661238754197,9.202548885664886,0.017064732499999,0.024802626249999002,0.0,4.1195866,1,1,10.601653096885492,0.25,1,0,0,0,0,0,0
mp-1183785,CoNi3,Co-Ni,194,8,84.62352397959006,9.223178265795674,0.022479076249998002,0.030216969999999004,0.0,8.3050668,1,1,10.577940497448758,0.25,0,1,0,0,0,0,0
mp-1185970,Mn3Co,Co-Mn,194,8,84.71290942503794,8.771772449657565,-0.009798589698275,0.0,0.0,0.047868499999999,0,1,10.589113678129742,0.25,0,1,0,0,0,0,0
mp-1545421,Mn3Co,Co-Mn,63,8,103.28661213390504,7.194372529728458,-0.21375206086206802,0.0,0.0,8.9700913,2,1,12.91082651673813,0.25,0,0,0,1,0,0,0
mp-1009133,MnCo,Co-Mn,221,2,23.236958854656006,8.137366157288561,-0.013308018965517001,0.0,0.0,4.0277908,1,1,11.618479427328003,0.5,1,0,0,0,0,0,0
mp-1186063,MnCo3,Co-Mn,194,8,83.16987447075893,9.253576256186086,0.095505756767241,0.102159766249999,0.0,3.688674,2,0,10.396234308844866,0.75,0,1,0,0,0,0,0
mp-999543,MnCo3,Co-Mn,221,4,44.53819989572498,8.639985197363849,0.10298715301724101,0.1096411625,0.0,0.030393899999999002,2,0,11.134549973931245,0.75,1,0,0,0,0,0,0
mp-976799,Ni3Bi,Bi-Ni,221,4,55.83087500992584,11.45259086831004,0.17344036671875002,0.17344036671875002,0.0,0.3244818,1,0,13.95771875248146,0.25,1,0,0,0,0,0,0
mp-1220533,NiBi,Bi-Ni,8,32,622.2082825466019,11.429813828541812,0.034478611250001005,0.034478611250001005,0.0,2e-07,0,1,19.44400882958131,0.5,0,0,1,0,0,0,0
mp-22861,NiBi,Bi-Ni,194,4,80.9455233409639,10.98227014069688,0.30273572343750005,0.30273572343750005,0.0,0.005205599999999,0,0,20.236380835240976,0.5,0,1,0,0,0,0,0
mp-999318,NiBi,Bi-Ni,194,4,77.01005986218743,11.543499714211228,0.026048007500001,0.026048007500001,0.0,7.8e-06,0,1,19.252514965546858,0.5,0,1,0,0,0,0,0
mp-23179,NiBi3,Bi-Ni,62,16,433.7177428646935,10.500128781384422,0.036121234374995,0.036121234374995,0.0,1e-06,0,1,27.107358929043343,0.75,0,0,0,1,0,0,0
mp-623452,Mn3Bi,Bi-Mn,139,4,68.7371963805661,9.030051572260083,0.393624719051722,0.393624719051722,0.0,2.6102482,2,0,17.184299095141526,0.25,0,0,0,0,1,0,0
mp-669332,Mn3Bi,Bi-Mn,166,16,311.564154029129,7.968829792801517,0.6299638315517231,0.6299638315517231,0.0,44.8341876,1,0,19.47275962682056,0.25,0,0,0,0,0,0,1
mp-1221736,MnBi,Bi-Mn,51,8,182.03778304235047,9.62980060500664,0.21875650478447903,0.21875650478447903,0.0,11.8406057,1,0,22.75472288029381,0.5,0,0,0,1,0,0,0
mp-22878,MnBi,Bi-Mn,194,4,101.92822383004689,8.599127343758049,0.44906315603448305,0.44906315603448305,0.0,8.0321158,1,0,25.482055957511722,0.5,0,1,0,0,0,0,0
mp-568382,MnBi,Bi-Mn,194,4,92.83816995746125,9.441092785858007,0.207830463534477,0.207830463534477,0.0,7.0977532,2,0,23.20954248936531,0.5,0,1,0,0,0,0,0
mp-1185989,MnBi3,Bi-Mn,221,4,114.21740831084504,9.9134373802693,0.39517754551724205,0.39517754551724205,0.0,4.2175669,1,0,28.55435207771126,0.75,1,0,0,0,0,0,0
mp-569792,CuBi,Bi-Cu,194,4,85.15419327937276,10.628736329993018,0.14974264749999802,0.14974264749999802,0.0,4e-07,0,0,21.28854831984319,0.5,0,1,0,0,0,0,0
mp-1229111,Ag3Bi,Ag-Bi,187,4,88.46061290427231,9.99742337012961,0.14664321500000102,0.14664321500000102,0.0,0.0004351,0,0,22.115153226068077,0.75,0,1,0,0,0,0,0
mp-1006226,ZnBi,Bi-Zn,61,16,453.7732800892419,8.03281000717056,0.106655646249997,0.106655646249997,0.0,0.001911,0,0,28.36083000557762,0.5,0,0,0,1,0,0,0
mp-1064405,ZnBi,Bi-Zn,186,4,121.92166306639815,7.474214289757465,0.23942454000000102,0.23942454000000102,0.0,0.0,0,0,30.48041576659954,0.5,0,1,0,0,0,0,0
mp-1100776,ZnBi3,Bi-Zn,221,4,115.72657010566505,9.934404465790388,0.18967741499999802,0.18967741499999802,0.0,0.0026944,0,0,28.93164252641626,0.75,1,0,0,0,0,0,0
mp-971718,ZnBi3,Bi-Zn,139,4,116.15074381246734,9.89812477416886,0.17758092249999802,0.17758092249999802,0.0,0.003039499999999,0,0,29.037685953116835,0.75,0,0,0,0,1,0,0
mp-1183465,Bi3Pb,Bi-Pb,225,4,125.97191061290671,10.995499257901134,0.09424927749999701,0.09424927749999701,0.0,0.0026704,0,0,31.492977653226678,0.75,1,0,0,0,0,0,0
mp-1227326,BiPb,Bi-Pb,187,2,62.34883262829891,11.084149996411403,0.084652902499996,0.084652902499996,0.0,3.399999999999998e-06,0,0,31.174416314149454,0.5,0,1,0,0,0,0,0
mp-1227459,BiPb4,Bi-Pb,166,5,159.69552603117825,10.791002976597666,0.032338750000008,0.03233875,0.0,0.0246001,0,1,31.93910520623565,0.2,0,0,0,0,0,0,1
mp-1227319,Bi3Sb,Bi-Sb,160,4,141.43193576766612,8.79043042904125,0.003182081249995,0.006644767499999001,0.0,3e-07,0,1,35.35798394191653,0.75,0,0,0,0,0,0,1
mp-1227290,BiSb,Bi-Sb,160,2,68.25111255856382,8.0468630402421,-0.0069253724999990005,0.0,0.1101,0.0,0,1,34.12555627928191,0.5,0,0,0,0,0,0,1
mp-1227413,Bi2Te,Bi-Te,122,6,203.96051723914024,8.883337166117965,-0.032570739444433006,0.11987426277778401,0.0,0.0011894,0,0,33.99341953985671,0.6666666666666666,0,0,0,0,1,0,0
mp-1182783,Bi2Te3,Bi-Te,12,5,358.69644220847607,3.7070191809403132,0.359870538000001,0.634271542,0.4617,0.0018303999999990002,0,0,71.73928844169521,0.4,0,0,1,0,0,0,0
mp-34202,Bi2Te3,Bi-Te,166,5,181.7667606640336,7.315389164356592,-0.274401004000003,0.0,0.3388,0.0,0,1,36.35335213280672,0.4,0,0,0,0,0,0,1
mp-568390,Bi2Te3,Bi-Te,166,5,170.33093278755382,7.806536191875013,-0.024798753999994,0.24960225000000902,0.0,0.0001251,0,0,34.06618655751076,0.4,0,0,0,0,0,0,1
mp-28229,Bi4Te3,Bi-Te,166,7,251.1176558687546,8.05891095593435,-0.194445580000003,0.0015551371428510002,0.0,0.0,0,1,35.87395083839352,0.5714285714285714,0,0,0,0,0,0,1
mp-1214397,Bi8Te7,Bi-Te,164,45,1619.0690250028517,7.892228883402623,-0.21159002577777603,0.001832977333336,0.0945,0.0,0,1,35.97931166673004,0.5333333333333333,0,0,0,0,0,0,1
mp-580062,Bi8Te9,Bi-Te,166,17,607.3188890634901,7.711144993587404,-0.23482502999999702,0.007293502941173001,0.0815,0.0001316,0,1,35.72464053314648,0.47058823529411764,0,0,0,0,0,0,1
mp-1227305,BiTe,Bi-Te,65,2,62.50561811333285,8.94167468656128,0.127606229166673,0.35627373250000705,0.0,0.0021458,0,0,31.252809056666425,0.5,0,0,0,1,0,0,0
mp-1227339,BiTe,Bi-Te,166,2,67.44913067778236,8.286317371855423,-0.11337325083332601,0.11529425250000701,0.0,0.006545,0,0,33.72456533889118,0.5,0,0,0,0,0,0,1
mp-23224,BiTe,Bi-Te,164,12,430.94973280310643,7.78148624828885,-0.22833432583333502,0.00033317749999600005,0.0,0.0,0,1,35.912477733592205,0.5,0,0,0,0,0,0,1
mp-567362,BiTe,Bi-Te,225,2,68.86661599211651,8.115759649288345,-0.12440894583333001,0.10425855750000301,0.0,1.4e-05,0,0,34.433307996058254,0.5,1,0,0,0,0,0,0
mp-35216,BiTe3,Bi-Te,160,4,133.8100647375016,7.343800894020271,-0.133736236250001,0.037764391249993,0.0,0.0043132,0,1,33.4525161843754,0.25,0,0,0,0,0,0,1
mp-1102082,Bi2Se,Bi-Se,14,12,365.7794226502932,9.02354096824111,-0.091139951909724,0.15001390111110802,0.0,3.7e-06,0,0,30.4816185541911,0.6666666666666666,0,0,1,0,0,0,0
mp-1182077,Bi2Se,Bi-Se,64,12,365.64980965373877,9.026739570164443,-0.09658178690972301,0.144572066111109,0.0,2.2300000000000003e-05,0,0,30.470817471144898,0.6666666666666666,0,0,0,1,0,0,0
mp-1214190,Bi2Se,Bi-Se,164,12,379.81092647587786,8.690180759805303,-0.174319747187505,0.06683410583332901,0.0,4.4e-06,0,0,31.65091053965649,0.6666666666666666,0,0,0,0,0,0,1
mp-1182583,Bi2Se3,Bi-Se,12,5,216.49607082389755,5.022671897302478,0.254205126562499,0.6882820620000021,0.0,0.0001916,0,0,43.299214164779514,0.4,0,0,1,0,0,0,0
mp-1198150,Bi2Se3,Bi-Se,137,40,1333.79521375945,6.522073071404545,-0.28597145568750104,0.14810547975000002,0.5469,0.0,0,0,33.34488034398625,0.4,0,0,0,0,1,0,0
mp-23164,Bi2Se3,Bi-Se,62,20,588.00036732479,7.397197629320277,-0.41936729443750104,0.014709641000003002,0.9577999999999991,0.0,0,1,29.4000183662395,0.4,0,0,0,1,0,0,0
mp-541837,Bi2Se3,Bi-Se,166,5,151.77783048479455,7.164344933185313,-0.43407693543750203,0.0,0.3769,0.0,0,1,30.35556609695891,0.4,0,0,0,0,0,0,1
mp-542615,Bi3Se4,Bi-Se,166,7,211.14607427639024,7.414416863875741,-0.339298623035712,0.074107982142862,0.0,1e-07,0,0,30.163724896627176,0.42857142857142855,0,0,0,0,0,0,1
mp-27607,Bi4Se3,Bi-Se,166,7,220.78809995157792,8.068500829083089,-0.303336318169645,0.006718635714285001,0.0,0.0,0,1,31.541157135939702,0.5714285714285714,0,0,0,0,0,0,1
mp-680214,Bi8Se7,Bi-Se,164,45,1411.1487927412097,7.853121057231019,-0.32793277778471003,0.009682616444450001,0.0,0.0279236,0,1,31.358862060915772,0.5333333333333333,0,0,0,0,0,0,1
mp-1190284,Bi8Se9,Bi-Se,166,17,524.5903798716855,7.541515401189527,-0.38122222244485604,0.0017868382352900002,0.0025,0.0,0,1,30.858257639510914,0.47058823529411764,0,0,0,0,0,0,1
mp-1063755,BiSe,Bi-Se,12,4,315.31246899082106,3.032777514842582,-0.08916938036458001,0.272561399166669,0.0,2.54e-05,0,0,78.82811724770526,0.5,0,0,1,0,0,0,0
mp-1063764,BiSe,Bi-Se,12,4,222.90532526549356,4.290039122958967,-0.09125660536457701,0.270474174166672,0.0,3.6200000000000006e-05,0,0,55.72633131637339,0.5,0,0,1,0,0,0,0
mp-1078607,BiSe,Bi-Se,14,8,261.62427154236184,7.310274084795859,-0.19344766661458102,0.168283112916668,0.0,0.0031121,0,0,32.70303394279523,0.5,0,0,1,0,0,0,0
mp-1182022,BiSe,Bi-Se,14,8,271.238755870869,7.051149921658852,-0.232647574114579,0.129083205416669,0.0,1.72e-05,0,0,33.904844483858625,0.5,0,0,1,0,0,0,0
mp-27902,BiSe,Bi-Se,164,12,373.7471693883052,7.675824550082467,-0.35793819536458604,0.0037925841666670004,0.0,0.0,0,1,31.145597449025434,0.5,0,0,0,0,0,0,1
mp-568844,BiSe,Bi-Se,225,2,58.43958224992929,8.18171972906273,-0.21055150286458202,0.151179276666667,0.0,0.0009672,0,0,29.219791124964644,0.5,1,0,0,0,0,0,0
mp-570286,BiSe,Bi-Se,139,4,227.80542644763926,4.197760259783184,-0.09468154786458101,0.267049231666668,0.0,0.0002205,0,0,56.951356611909816,0.5,0,0,0,0,1,0,0
mp-1095302,BiSe2,Bi-Se,12,12,348.0593196046974,7.001708196673084,-0.34059164354166604,0.021139135989585,0.6721,0.0,0,1,29.00494330039145,0.3333333333333333,0,0,1,0,0,0,0
mp-1223757,In2Bi,Bi-In,187,3,87.29488760845726,8.343440118947923,0.058085281666668,0.105810206666667,0.0,2e-06,0,0,29.098295869485753,0.3333333333333333,0,1,0,0,0,0,0
mp-1223979,In2Bi,Bi-In,69,3,86.30438469333059,8.439196571987571,0.056389561666667004,0.104114486666667,0.0,5e-07,0,0,28.768128231110197,0.3333333333333333,0,0,0,1,0,0,0
mp-23188,In2Bi,Bi-In,194,6,174.19311599093172,8.362439161939886,0.034497030000001004,0.08222195500000101,0.0,0.0089301,0,0,29.032185998488618,0.3333333333333333,0,1,0,0,0,0,0
mp-571172,In2Bi,Bi-In,191,3,90.24668674014592,8.070541908631121,0.042666876666662,0.09039180166666201,0.0,0.0010669,0,0,30.08222891338197,0.3333333333333333,0,1,0,0,0,0,0
mp-1184488,In3Bi,Bi-In,221,4,114.13784235311607,8.051662998474768,0.044236198749999005,0.0800298925,0.0,2.4e-06,0,0,28.534460588279018,0.25,1,0,0,0,0,0,0
mp-1223990,In4Bi,Bi-In,12,5,144.37645083067392,7.685874047774097,0.040367487999998,0.069002442999995,0.0,0.001303,0,0,28.875290166134782,0.2,0,0,1,0,0,0,0
mp-23180,In5Bi3,Bi-In,140,16,478.17937672235195,8.34146901723649,0.0008905625000030001,0.05458110312500201,0.0,0.0002042,0,0,29.886211045146997,0.375,0,0,0,0,1,0,0
mp-1001833,InBi,Bi-In,216,2,77.47173639943239,6.940336152146873,-0.071587387499995,0.0,0.0,0.0,0,1,38.735868199716194,0.5,1,0,0,0,0,0,0
mp-2030206,InBi,Bi-In,123,4,119.20732881187166,9.020920077004977,-0.022999999999996003,0.048587387499999,0.0,1.3e-06,0,1,29.801832202967915,0.5,0,0,0,0,1,0,0
mp-23313,InBi,Bi-In,129,4,125.9413233653776,8.538577784237997,-0.027260852499999003,0.044326534999996,0.0,1e-07,0,1,31.4853308413444,0.5,0,0,0,0,1,0,0
mp-569765,InBi,Bi-In,129,4,122.18361096353233,8.80117863046383,-0.010102529999997,0.061484857499998005,0.0,0.003149,0,0,30.545902740883083,0.5,0,0,0,0,1,0,0
mp-1223901,InBi3,Bi-In,21,4,127.28711231667697,9.676707305179272,0.064154071250001,0.09994776499999601,0.0,3.3600000000000004e-05,0,0,31.821778079169242,0.75,0,0,0,1,0,0,0
mp-983237,Ga3Bi,Bi-Ga,221,4,93.00616458557012,7.46567087750954,0.069062200624998,0.072513066875,0.0,0.000133199999999,0,0,23.25154114639253,0.25,1,0,0,0,0,0,0
mp-1018126,GaBi,Bi-Ga,216,2,64.47665124221436,7.177759309423344,-0.006901732500004001,0.0,0.0,0.0,0,1,32.23832562110718,0.5,1,0,0,0,0,0,0
mp-1183974,GaBi3,Bi-Ga,221,4,118.93144398463285,9.72693243807845,0.11723862187500302,0.120689488125002,0.0,0.001957699999999,0,0,29.732860996158212,0.75,1,0,0,0,0,0,0
mp-1006059,Tl3Bi,Bi-Tl,194,8,255.78948602274534,10.674242340548613,-0.032464058750001,0.0,0.0,1e-07,0,1,31.973685752843167,0.25,0,1,0,0,0,0,0
mp-1187502,Tl3Bi,Bi-Tl,221,4,123.93566668560558,11.015226830938857,-0.020494016250005003,0.011970042499996001,0.0,5e-07,0,1,30.983916671401396,0.25,1,0,0,0,0,0,0
mp-1216545,Tl3Bi,Bi-Tl,187,4,124.02471056255956,11.007318418993325,0.036298703749999,0.0687627625,0.0,0.0,0,0,31.00617764063989,0.25,0,1,0,0,0,0,0
mp-1216575,Tl4Bi,Bi-Tl,166,5,157.85815140871355,10.798086256457431,0.0008548533333390001,0.026826100333337002,0.0,0.0554138,0,1,31.57163028174271,0.2,0,0,0,0,0,0,1
mp-30083,TlBi,Bi-Tl,221,2,63.60285631824302,10.792071493296165,0.090246184666668,0.111888890499997,0.0,0.0012028,0,0,31.80142815912151,0.5,1,0,0,0,0,0,0
mp-30469,TlBi2,Bi-Tl,191,3,95.7811937421584,10.789453028743688,0.015296066666669002,0.029724537222229,0.0,3e-07,0,1,31.927064580719463,0.6666666666666666,0,1,0,0,0,0,0
mp-1187484,TlBi3,Bi-Tl,221,4,127.65444597546067,10.813934436228552,0.08280016958333601,0.09362152250000101,0.0,0.0005168,0,0,31.91361149386517,0.75,1,0,0,0,0,0,0
mp-985280,Co3Bi,Bi-Co,139,4,56.13702724696654,11.411411818916328,0.426736236249999,0.426736236249999,0.0,2.9591703,1,0,14.034256811741635,0.25,0,0,0,0,1,0,0
mp-1105522,CoBi3,Bi-Co,62,16,429.75799928164946,10.600581998072151,0.047421941249999,0.047421941249999,0.0,0.0810026,0,1,26.85987495510309,0.75,0,0,0,1,0,0,0
