system,idx,formula,n_atoms,e_total_eV,e_per_atom_eV,enthalpy_eV,enthalpy_per_atom_eV,fmax_eV_A,volume_A3,status,x_B,e_form_eV_atom,e_above_hull_eV_atom,on_hull,dynamically_stable,min_freq_THz,Cv_300K_J_K_mol,free_energy_300K_kJ_mol,bulk_modulus_GPa,shear_modulus_GPa,youngs_modulus_GPa,poisson_ratio,crystal_system
Bi-Co,0,CoBi2,12,-57.396827697753906,-4.783068974812825,-57.396827697753906,-4.783068974812825,0.0084225079044699,295.7504609782519,converged,0.3333333333333333,0.0613379478454589,0.0741807089911566,False,,,,,,,,,Cubic
Bi-Co,1,CoBi2,12,-57.40715789794922,-4.783929824829102,-57.40715789794922,-4.783929824829102,0.0189711432904005,291.7970332525006,converged,0.3333333333333333,0.0604770978291829,0.0733198589748806,False,,,,,,,,,Orthorhombic
Bi-Co,2,CoBi2,12,-58.122589111328125,-4.843549092610677,-58.122589111328125,-4.843549092610677,0.0183158759027719,283.0009284983699,converged,0.3333333333333333,0.0008578300476074,0.0137005911933051,True,,,,,-74.8441285346691,-26.949638090426156,0.0,0.0,Orthorhombic
Bi-Co,3,Co2Bi,18,-103.81676483154295,-5.767598046196832,-103.81676483154295,-5.767598046196832,0.0192625671625137,324.65147371783866,converged,0.6666666666666666,0.1654043462541368,0.1718257268269857,False,,,,,,,,,Monoclinic
Bi-Co,4,Co7Bi13,20,-95.7143096923828,-4.785715484619141,-95.7143096923828,-4.785715484619141,0.0194114241749048,472.5286449303684,converged,0.35,0.113121211528778,0.1256429036458333,False,,,,,,,,,Triclinic
Bi-Co,5,CoBi,8,-41.480838775634766,-5.185104846954346,-41.480838775634766,-5.185104846954346,0.0195988714694976,163.66775385967406,converged,0.5,0.2035998106002807,0.213231881459554,False,,,,,,,,,Orthorhombic
Bi-Co,6,Co2Bi3,10,-49.81525802612305,-4.981525802612305,-49.81525802612305,-4.981525802612305,0.01227309089154,219.92298017359877,converged,0.4,0.0806002140045166,0.0921586990356445,False,,,,,,,,,Trigonal
Bi-Co,7,CoBi,8,-42.277381896972656,-5.284672737121582,-42.277381896972656,-5.284672737121582,0.0131971538066864,153.76018486183912,converged,0.5,0.1040319204330444,0.1136639912923177,False,,,,,,,,,Hexagonal
Bi-Co,8,Co5Bi4,18,-97.28958892822266,-5.404977162679036,-97.28958892822266,-5.404977162679036,0.0183370374143123,350.98629213850694,converged,0.5555555555555556,0.1651600731743706,0.1737219139381691,False,,,,,,,,,Triclinic
Bi-Co,9,Co2Bi3,5,-24.691577911376953,-4.938315582275391,-24.691577911376953,-4.938315582275391,0.0175452660769224,113.4560148849472,converged,0.4,0.1238104343414306,0.1353689193725586,False,,,,,,,,,Trigonal
Bi-Co,10,CoBi,4,-21.138717651367188,-5.284679412841797,-21.138717651367188,-5.284679412841797,0.0061294501647353,76.85509906406725,converged,0.5,0.1040252447128295,0.1136573155721028,False,,,,,,,,,Hexagonal
Bi-Co,11,Co7Bi11,18,-88.37578582763672,-4.909765879313151,-88.37578582763672,-4.909765879313151,0.0180384889245033,422.0476720117968,converged,0.3888888888888889,0.1160736216439141,0.127846152694137,False,,,,,,,,,Triclinic
Bi-Co,12,CoBi,4,-20.5609130859375,-5.140228271484375,-20.5609130859375,-5.140228271484375,0.006225018762052,88.22318554653363,converged,0.5,0.2484763860702514,0.2581084569295247,False,,,,,,,,,Tetragonal
Bi-Co,13,CoBi2,12,-57.74053955078125,-4.8117116292317705,-57.74053955078125,-4.8117116292317705,0.0117514263838529,278.73534092060595,converged,0.3333333333333333,0.0326952934265136,0.0455380545722113,False,,,,,-73.92717294038717,-35.865281314853,0.0,0.0,Monoclinic
Bi-Co,14,Co3Bi2,10,-55.80980682373047,-5.580980682373047,-55.80980682373047,-5.580980682373047,0.0186626594513654,190.3467204693736,converged,0.6,0.1343026161193847,0.1420082728068034,False,,,,,,,,,Monoclinic
Bi-Co,15,Co2Bi3,10,-49.815155029296875,-4.981515502929687,-49.815155029296875,-4.981515502929687,0.0057093333452939,219.7857177861581,converged,0.4,0.0806105136871337,0.0921689987182617,False,,,,,,,,,Trigonal
Bi-Co,16,CoBi,4,-21.138721466064453,-5.284680366516113,-21.138721466064453,-5.284680366516113,0.0066868755966424,76.86123456824902,converged,0.5,0.1040242910385131,0.1136563618977864,False,,,,,,,,,Hexagonal
Bi-Co,17,CoBi,8,-41.73785781860352,-5.2172322273254395,-41.73785781860352,-5.2172322273254395,0.0121336877346038,150.5410299888687,converged,0.5,0.171472430229187,0.1811045010884603,False,,,,,,,,,Orthorhombic
Bi-Co,18,Co5Bi4,18,-96.48101806640624,-5.360056559244792,-96.48101806640624,-5.360056559244792,0.01633295789361,341.7779452550796,converged,0.5555555555555556,0.2100806766086154,0.2186425173724139,False,,,,,,,,,Monoclinic
Bi-Co,19,Co8Bi11,19,-94.88509368896484,-4.9939522994192025,-94.88509368896484,-4.9939522994192025,0.0170000903308391,455.9163938811613,converged,0.4210526315789473,0.1369271152897885,0.1480800394426312,False,,,,,,,,,Triclinic
Bi-Fe,0,Fe7Bi13,20,-104.59165954589844,-5.229582977294922,,,0.0151765653863549,507.9864070507689,converged,0.35,0.1748544096946716,0.1748544096946716,False,,,,,-58.842465714003936,-21.68592997232412,0.0,0.0,Triclinic
Bi-Fe,1,FeBi,4,-23.52783966064453,-5.881959915161133,,,0.0108779864385724,85.43185348599977,converged,0.5,0.2290314435958862,0.2290314435958862,False,,,,,-68.75478099059603,-26.25937800366531,0.0,0.0,Tetragonal
Bi-Fe,2,Fe2Bi,18,-118.11009979248048,-6.561672210693359,,,0.0183941330760717,321.60929583246883,converged,0.6666666666666666,0.3343791166941325,0.3343791166941325,False,,,,,,,,,Triclinic
Bi-Fe,3,FeBi,4,-23.2027530670166,-5.80068826675415,,,0.006244066171348,83.58327923518044,converged,0.5,0.3103030920028686,0.3103030920028686,False,,,,,,,,,Hexagonal
Bi-Fe,4,FeBi4,15,-67.81840515136719,-4.521227010091146,,,0.0143024642020463,442.53391452661634,converged,0.2,0.1766564051310221,0.1766564051310221,False,,,,,-46.57132005134086,-21.40745042198718,0.0,0.0,Trigonal
Bi-Fe,5,FeBi2,6,-30.375988006591797,-5.0626646677653,,,0.0116251548752188,136.85099880473763,converged,0.3333333333333333,0.2632667223612467,0.2632667223612467,False,,,,,,,,,Tetragonal
Bi-Fe,6,FeBi2,12,-60.052303314208984,-5.004358609517415,,,0.1259239315986633,312.35374624620545,max_steps,0.3333333333333333,0.3215727806091308,0.3215727806091308,False,,,,,,,,,Orthorhombic
Bi-Fe,7,FeBi5,18,-78.46002197265625,-4.358890109592014,,,0.017387481406331,519.2844480377628,converged,0.1666666666666666,0.1819813119040595,0.1819813119040595,False,,,,,-48.74962546129752,-10.365439291569643,0.0,0.0,Triclinic
Bi-Fe,8,FeBi2,12,-59.64469146728515,-4.970390955607097,,,0.0176409687846899,283.22826435218246,converged,0.3333333333333333,0.3555404345194499,0.3555404345194499,False,,,,,,,,,Orthorhombic
Bi-Fe,9,FeBi4,10,-45.242313385009766,-4.524231338500977,,,0.0163206569850444,273.562978956916,converged,0.2,0.1736520767211914,0.1736520767211914,False,,,,,-56.943324500092274,-18.85656116657211,0.0,0.0,Orthorhombic
Bi-Fe,10,Fe2Bi3,5,-26.76711082458496,-5.353422164916992,,,0.0150487869977951,112.81465539312224,converged,0.4,0.2865332126617431,0.2865332126617431,False,,,,,,,,,Orthorhombic
Bi-Fe,11,FeBi4,5,-22.274688720703125,-4.454937744140625,,,0.0160528179258108,138.84673973906715,converged,0.2,0.2429456710815429,0.2429456710815429,False,,,,,,,,,Tetragonal
Bi-Mn,0,MnBi2,12,-64.88334655761719,-5.406945546468099,,,0.0177502371370792,312.6969718491806,converged,0.3333333333333333,-1.0637129147847493,0.0334752996762595,False,,,,,,,,,Monoclinic
Bi-Mn,1,MnBi,8,-50.2517204284668,-6.28146505355835,,,0.0125315384939312,184.84267450570877,converged,0.5,-1.6445218324661257,0.0012604892253877,True,,,,,-47.34166442709183,-26.086707937575945,0.0,0.0,Hexagonal
Bi-Mn,2,Mn4Bi3,14,-93.0119857788086,-6.643713269914899,,,0.0150468898937106,295.71759287550236,converged,0.5714285714285714,-1.880894081933158,0.0,True,,,,,-82.24256399655548,-31.14266912016831,0.0,0.0,Monoclinic
Bi-Mn,3,MnBi2,12,-65.12147521972656,-5.42678960164388,,,0.0068945093080401,321.5384940939549,converged,0.3333333333333333,-1.0835569699605303,0.0136312445004782,True,,,,,,,,,Cubic
Bi-Mn,4,MnBi,4,-25.125822067260746,-6.2814555168151855,,,0.0141922663897275,92.53286631096468,converged,0.5,-1.6445122957229614,0.0012700259685518,True,,,,,-46.89776208198166,-27.03676841024744,0.0,0.0,Hexagonal
Bi-Mn,5,MnBi,4,-25.125770568847656,-6.281442642211914,,,0.0190519168972969,92.5650978395468,converged,0.5,-1.64449942111969,0.0012829005718233,True,,,,,-46.79745925213904,-26.549324809913298,0.0,0.0,Hexagonal
Bi-Mn,6,MnBi,4,-25.125707626342773,-6.281426906585693,,,0.0081787900999188,92.50626645283128,converged,0.5,-1.6444836854934692,0.001298636198044,True,,,,,-44.15405407620054,-23.98788626494293,0.0,0.0,Hexagonal
Bi-Mn,7,Mn2Bi3,10,-57.38896942138672,-5.7388969421386715,,,0.0159158334136009,259.9862405983918,converged,0.4,-1.2781800746917724,0.0384457826614381,False,,,,,,,,,Trigonal
Bi-Mn,8,Mn5Bi7,12,-70.1581802368164,-5.8465150197347,,,0.0194263625890016,300.4156475813427,converged,0.4166666666666667,-1.3564270933469136,0.0150581747293474,True,,,,,,,,,Monoclinic
Bi-Mn,9,MnBi6,7,-31.11429214477539,-4.4448988778250555,,,0.0170748867094516,220.83893256896835,converged,0.1428571428571428,-0.4373354911804199,0.0328880293028696,False,,,,,,,,,Monoclinic
Bi-Mn,10,Mn3Bi13,16,-74.86298370361328,-4.67893648147583,,,0.0142118912190198,472.8228688247338,converged,0.1875,-0.5927006155252457,0.0244677551090718,True,,,,,,,,,Trigonal
Bi-Mn,11,MnBi2,9,-48.33702087402344,-5.370780097113715,,,0.018523558974266,246.4209797045279,converged,0.3333333333333333,-1.0275474654303656,0.0696407490306432,False,,,,,,,,,Orthorhombic
Bi-Ru,0,Bi2Ru,12,-65.34435272216797,-5.445362726847331,,,0.019432209432125,282.49808282021183,converged,0.3333333333333333,0.1446201006571451,0.1466878255208333,False,,,,,,,,,Orthorhombic
Bi-Ru,1,Bi3Ru,16,-82.1402587890625,-5.133766174316406,,,0.0158227086067199,460.2933103435284,converged,0.25,-0.0023261904716491,0.0,True,,,,,-61.12680270938958,-18.67954655413582,0.0,0.0,Monoclinic
Bi-Ru,2,BiRu,4,-25.19804573059082,-6.299511432647705,,,0.0199530851095914,86.00400881495909,converged,0.5,0.2075570821762085,0.2091078758239746,False,,,,,,,,,Hexagonal
Bi-Ru,3,Bi3Ru2,10,-58.548187255859375,-5.854818725585938,,,0.0196809917688369,240.36137963067551,converged,0.4,0.1019983768463134,0.1038593292236328,False,,,,,-102.24998375625296,-43.103809753173465,0.0,0.0,Monoclinic
Bi-Ru,4,Bi2Ru,12,-65.34441375732422,-5.445367813110352,,,0.0172382872551679,282.1915374046505,converged,0.3333333333333333,0.1446150143941243,0.1466827392578125,False,,,,,,,,,Orthorhombic
Bi-Ru,5,Bi2Ru,6,-33.184364318847656,-5.530727386474609,,,0.0162879414856433,135.87120440934945,converged,0.3333333333333333,0.0592554410298665,0.0613231658935546,False,,,,,-90.70930992840792,-33.182150823892,0.0,0.0,Tetragonal
Bi-Ru,6,Bi4Ru5,9,-59.84819412231445,-6.649799346923828,,,0.0149428881704807,198.79375184464195,converged,0.5555555555555556,0.1629643970065646,0.1643428802490234,False,,,,,,,,,Tetragonal
Bi-Ru,7,Bi13Ru3,16,-75.90444946289062,-4.744028091430664,,,0.017538757994771,461.8376149895597,converged,0.1875,0.0435047596693038,0.0452494025230407,False,,,,,-71.19807106607439,-27.449168398332624,0.0,0.0,Triclinic
Bi-Ru,8,Bi3Ru,4,-20.172195434570312,-5.043048858642578,,,0.0167342517524957,104.8581199502982,converged,0.25,0.0883911252021789,0.0907173156738281,False,,,,,-71.35806666456601,-22.79949513768555,0.0,0.0,Orthorhombic
Bi-Ru,9,Bi4Ru5,9,-59.847900390625,-6.649766710069445,,,0.0125602148473262,198.5810301576155,converged,0.5555555555555556,0.1629970338609483,0.1643755171034071,False,,,,,,,,,Tetragonal
Bi-Ru,10,BiRu3,4,-29.398590087890625,-7.349647521972656,,,0.0107878120616078,65.95462771805323,converged,0.75,0.5330495238304138,0.5338249206542969,False,,,,,,,,,Tetragonal
Bi-Ru,11,Bi7Ru5,12,-69.85562133789062,-5.821301778157552,,,0.016594972461462,268.35962370401415,converged,0.4166666666666667,0.2272238930066426,0.2290331522623698,False,,,,,,,,,Monoclinic
Co-Bi,0,Co3Bi2,5,-27.30506706237793,-5.461013412475586,,,0.0130304852500557,86.39740619682739,converged,0.4,0.2542698860168457,0.261974016825358,False,,,,,,,,,Hexagonal
Co-Bi,1,Co5Bi6,11,-56.237022399902344,-5.112456581809304,,,0.0188928414136171,257.3964990925007,converged,0.5454545454545454,0.127803238955411,0.1383088718761097,False,,,,,,,,,Orthorhombic
Co-Bi,2,CoBi,4,-20.7040958404541,-5.176023960113525,,,0.009345481172204,80.93937857349215,converged,0.5,0.212680697441101,0.2223108609517415,False,,,,,,,,,Tetragonal
Co-Bi,3,CoBi,12,-63.07166290283203,-5.255971908569336,,,0.0187026616185903,257.6204937693248,converged,0.5,0.1327327489852905,0.142362912495931,False,,,,,,,,,Monoclinic
Co-Bi,4,CoBi3,8,-36.13154602050781,-4.516443252563477,,,0.0180701445788145,219.1527870094208,converged,0.75,0.0558148026466369,0.0702600479125976,False,,,,,-58.916482137586485,-21.797630014199108,0.0,0.0,Triclinic
Co-Bi,5,Co3Bi4,7,-35.43610382080078,-5.062300545828683,,,0.0086183585226535,149.70532271927328,converged,0.5714285714285714,0.0931336539132254,0.1041395550682431,False,,,,,-79.72989122014839,-35.706562783281626,0.0,0.0,Monoclinic
Co-Bi,6,Co8Bi5,13,-71.45046997070312,-5.496189997746394,,,0.0184366963803768,258.796328213433,converged,0.3846153846153846,0.2693361685826228,0.2767439866677308,False,,,,,,,,,Trigonal
Co-Bi,7,Co2Bi3,5,-24.492958068847656,-4.898591613769531,,,0.0068701994605362,118.97326893191465,converged,0.6,0.16353440284729,0.1750905990600585,False,,,,,,,,,Orthorhombic
Co-Bi,8,CoBi3,16,-73.38725280761719,-4.586703300476074,,,0.010726423934102,432.86336225220185,converged,0.75,-0.0144452452659606,0.0,True,,,,,-61.34554398628491,-28.40383466229576,0.0,0.0,Cubic
Co-Bi,9,Co2Bi,12,-68.1793441772461,-5.681612014770508,,,0.0144993467256426,191.71104470885905,converged,0.3333333333333333,0.2513903776804606,0.2578104866875543,False,,,,,,,,,Orthorhombic
Co-Bi,10,Co2Bi3,10,-49.81525802612305,-4.981525802612305,,,0.015282928943634,220.25224461576735,converged,0.6,0.0806002140045166,0.0921564102172851,False,,,,,-72.43517598996544,-34.3062357172562,0.0,0.0,Trigonal
Co-Bi,11,Co2Bi3,10,-49.81453704833984,-4.981453704833984,,,0.0139578152447938,219.8243631580732,converged,0.6,0.0806723117828369,0.0922285079956054,False,,,,,-79.75917358266648,-36.53063792725513,0.0,0.0,Trigonal
Co-Sb,0,Co2Sb3,10,-54.38358688354492,-5.4383586883544925,,,0.0176506657153368,196.61685227780148,converged,0.6,-0.1960607528686523,0.0491508483886718,False,,,,,,,,,Trigonal
Co-Sb,1,Co2Sb,9,-54.15129089355469,-6.0168100992838545,,,0.0184080619364976,131.5879546601968,converged,0.3333333333333333,0.0162878036499023,0.1761420567830403,False,,,,,,,,,Monoclinic
Co-Sb,2,CoSb,8,-46.22894287109375,-5.778617858886719,,,0.0181776117533445,135.30970343335025,converged,0.5,-0.2397699356079101,1.1444091796875e-05,True,,,,,-141.29108844466128,-68.98979541459471,0.0,0.0,Orthorhombic
Co-Sb,3,CoSb3,8,-39.66009521484375,-4.957511901855469,,,0.0168985947966575,183.70632715368615,converged,0.75,-0.160038948059082,0.0265848636627197,False,,,,,-102.95982807921855,-49.46086802257209,0.0,0.0,Trigonal
Co-Sb,4,Co5Sb4,9,-50.87971878051758,-5.6533020867241754,,,0.0184263586997985,179.10975566892466,converged,0.4444444444444444,0.0502958297729492,0.2634348339504666,False,,,,,,,,,Monoclinic
Co-Sb,5,CoSb,8,-46.228904724121094,-5.778613090515137,,,0.0188856720924377,135.2923230976053,converged,0.5,-0.2397651672363281,1.621246337890625e-05,True,,,,,-121.46617334229842,-63.24629518412013,0.0,0.0,Hexagonal
Co-Sb,6,Co3Sb2,5,-29.507488250732425,-5.901497650146484,,,0.0050111189484596,83.52327930407826,converged,0.4,-0.066099739074707,0.1257253646850586,False,,,,,,,,,Tetragonal
Co-Sb,7,Co3Sb4,7,-38.64045333862305,-5.520064762660435,,,0.0165013596415519,133.26380873975452,converged,0.5714285714285714,-0.1930382592337472,0.0506218501499721,False,,,,,,,,,Monoclinic
Co-Sb,8,CoSb2,12,-63.52115631103515,-5.293429692586263,,,0.0204946547746658,251.1482015062416,max_steps,0.6666666666666666,-0.2488317489624023,0.0,True,,,,,-111.66074344469656,-58.56850744581867,0.0,0.0,Orthorhombic
Co-Sb,9,Co7Sb4,11,-65.2463607788086,-5.931487343528054,,,0.018955172970891,168.13670186737144,converged,0.3636363636363636,0.0117469267411665,0.1861333847045898,False,,,,,,,,,Orthorhombic
Co-Sb,10,CoSb,8,-46.229034423828125,-5.778629302978516,,,0.0123426355421543,135.24547117939247,converged,0.5,-0.239781379699707,0.0,True,,,,,-126.04338743034396,-62.376194182723225,0.0,0.0,Orthorhombic
Co-Sb,11,Co2Sb3,5,-26.489198684692383,-5.297839736938476,,,0.0111575843766331,105.89349974932678,converged,0.6,-0.0555418014526367,0.1896697998046875,False,,,,,,,,,Orthorhombic
Co-Si,0,Co2Si3,10,-63.89031600952149,-6.389031600952149,,,0.0171972997486591,123.00739258815062,converged,0.6,-0.3316705703735351,0.1233348846435546,False,,,,,,,,,Monoclinic
Co-Si,1,Co5Si6,11,-72.72879791259766,-6.611708901145241,,,0.017356239259243,133.9190688472463,converged,0.5454545454545454,-0.4666899767788974,0.0382628007368607,False,,,,,,,,,Triclinic
Co-Si,2,CoSi,4,-26.377111434936523,-6.594277858734131,,,0.0180220697075128,50.64596049744606,converged,0.5,-0.3762106895446777,0.1703648567199707,False,,,,,,,,,Hexagonal
Co-Si,3,Co3Si2,10,-68.11180877685547,-6.811180877685547,,,0.0194520819932222,108.4085954738066,converged,0.4,-0.4324075698852539,0.0548492431640625,False,,,,,,,,,Orthorhombic
Co-Si,4,Co2Si3,10,-65.12366485595703,-6.512366485595703,,,0.0186665020883083,121.60696360995368,converged,0.6,-0.4550054550170898,0.0,True,,,,,-192.49635057992128,-84.96854678844785,0.0,0.0,Trigonal
Co-Si,5,Co2Si,9,-62.40259552001953,-6.933621724446614,,,0.0146526051685214,96.83054853713628,converged,0.3333333333333333,-0.4477109909057617,0.0,True,,,,,-197.6538993903907,-88.10669058450104,0.0,0.0,Hexagonal
Co-Si,6,CoSi3,12,-70.90248107910156,-5.90854008992513,,,0.0163326077163219,170.37270991191735,converged,0.75,-0.0922382672627766,0.1921401421229044,False,,,,,,,,,Monoclinic
Co-Si,7,CoSi,4,-27.058570861816406,-6.764642715454102,,,0.0118120880797505,43.773130065602984,converged,0.5,-0.5465755462646484,0.0,True,,,,,-210.00556444471783,-106.1473494042549,0.0,0.0,Monoclinic
Co-Si,8,CoSi,4,-27.05853843688965,-6.764634609222412,,,0.0058975163847208,43.75871300125882,converged,0.5,-0.546567440032959,8.106231689453125e-06,True,,,,,-218.5536026825091,-109.9413717886224,0.0,0.0,Monoclinic
Co-Si,9,Co2Si,6,-41.34151840209961,-6.890253067016602,,,0.0088156731799244,68.19741422465763,converged,0.3333333333333333,-0.4043423334757487,0.043368657430013,False,,,,,,,,,Tetragonal
Co-Si,10,Co5Si,6,-41.90278244018555,-6.983797073364258,,,0.0159465316683053,64.00990588414909,converged,0.1666666666666666,-0.2300427754720052,0.0,True,,,,,-231.71509581806973,-110.06492609432048,0.0,0.0,Orthorhombic
Co-Si,11,CoSi2,12,-74.82762908935547,-6.235635757446289,,,0.0107157649472355,162.93521383758207,converged,0.6666666666666666,-0.2854121526082356,0.0937590599060059,False,,,,,,,,,Trigonal
Li-O,0,Li2O2,4,-19.37804412841797,-4.844511032104492,,,0.0163169838488101,37.89919118934251,converged,0.5,-2.9567341804504395,0.0,True,,,,,-85.17322575680109,-49.39856679421961,0.0,0.0,Monoclinic
Li-O,1,Li2O2,4,-19.323101043701172,-4.830775260925293,,,0.0147621687501668,35.05447987887903,converged,0.5,-2.94299840927124,0.0137357711791992,True,,,,,-79.49366529131065,-41.48884514517603,0.0,0.0,Hexagonal
Mo-Bi,0,Bi4Mo3,7,-44.631324768066406,-6.3759035382952005,,,0.0196343157440423,178.7629416017584,converged,0.5714285714285714,0.4215367180960519,0.4215367180960519,False,,,,,,,,,Trigonal
Mo-Bi,1,BiMo,4,-28.41160774230957,-7.102901935577393,,,0.020238222554326,95.4377403464307,max_steps,0.5,0.2014764547348022,0.2014764547348022,False,,,,,-126.21475059975307,-27.423476682515716,0.0,0.0,Tetragonal
Mo-Bi,2,Bi2Mo,6,-35.31389236450195,-5.885648727416992,,,0.0166508425027132,154.42978858335195,converged,0.6666666666666666,0.2358740170796712,0.2358740170796712,False,,,,,,,,,Monoclinic
Mo-Bi,3,Bi5Mo,12,-58.59770584106445,-4.883142153422038,,,0.0178130380809307,359.3449528009275,converged,0.8333333333333334,0.0555249452590942,0.0555249452590942,False,,,,,-60.41031009917752,-17.840837281530575,0.0,0.0,Monoclinic
Mo-Bi,4,Bi2Mo,12,-69.9443359375,-5.828694661458333,,,0.0116622503846883,320.2464161116685,converged,0.6666666666666666,0.2928280830383301,0.2928280830383301,False,,,,,,,,,Orthorhombic
Mo-Bi,5,BiMo,4,-28.41156768798828,-7.10289192199707,,,0.0154623612761497,95.3188858135189,converged,0.5,0.2014864683151245,0.2014864683151245,False,,,,,,,,,Tetragonal
Mo-Bi,6,BiMo,4,-27.47854995727539,-6.869637489318848,,,0.0144827654585242,88.71887176221968,converged,0.5,0.4347409009933471,0.4347409009933471,False,,,,,,,,,Monoclinic
Mo-Bi,7,Bi2Mo3,5,-39.090789794921875,-7.818157958984375,,,0.0046127163805067,108.322729140613,converged,0.4,0.1959338188171386,0.1959338188171386,False,,,,,-161.2365990298237,-47.74197154186663,0.0,0.0,Tetragonal
Mo-Bi,8,Bi4Mo3,14,-89.42858123779297,-6.387755802699497,,,0.0199079010635614,348.27051370117533,converged,0.5714285714285714,0.409684453691755,0.409684453691755,False,,,,,,,,,Monoclinic
Mo-Bi,9,Bi11Mo5,16,-92.44396209716795,-5.777747631072998,,,0.0195255745202302,470.67450358924464,converged,0.6875,0.1959181576967239,0.1959181576967239,False,,,,,-79.0761712823865,-28.690522420782045,0.0,0.0,Triclinic
Mo-Bi,10,Bi3Mo2,10,-64.22520446777344,-6.422520446777344,,,0.0151947475969791,263.21163065073324,converged,0.6,0.1721445560455322,0.1721445560455322,False,,,,,-97.661687489493,-28.75995414088676,0.0,0.0,Monoclinic
Mo-Bi,11,Bi3Mo,8,-42.449981689453125,-5.306247711181641,,,0.0167931709438562,217.63988944490487,converged,0.75,0.223847210407257,0.223847210407257,False,,,,,,,,,Orthorhombic
N-Hf,0,Hf3N2,20,-214.3386383056641,-10.716931915283205,,,0.0154158724471926,280.75640052594025,converged,0.6,-3.665966510772705,0.029901885986328,False,,,,,,,,,Orthorhombic
N-Hf,1,HfN,4,-42.14548110961914,-10.536370277404783,,,0.0156955774873495,47.77056184444781,converged,0.5,-4.197721600532532,0.3588514328002929,False,,,,,,,,,Tetragonal
N-Hf,2,Hf2N,18,-190.7314453125,-10.59619140625,,,0.0195289701223373,277.03797452746204,converged,0.6666666666666666,-3.0703481833140054,0.0517171223958334,False,,,,,,,,,Orthorhombic
N-Hf,3,Hf2N,12,-127.36139678955078,-10.613449732462565,,,0.0194163527339696,185.78091341500397,converged,0.6666666666666666,-3.087606509526571,0.034458796183268,False,,,,,,,,,Monoclinic
N-Hf,4,HfN,8,-84.8638916015625,-10.607986450195312,,,0.0135434325784444,118.5559164244326,converged,0.5,-4.269337773323059,0.2872352600097656,False,,,,,,,,,Cubic
N-Hf,5,Hf3N2,10,-107.31028747558594,-10.731028747558591,,,0.0133278463035821,139.48655451164322,converged,0.6,-3.680063343048096,0.0158050537109373,True,,,,,-213.84983712510223,-124.256470332282,0.0,0.0,Trigonal
N-Hf,6,Hf2N,12,-127.11782836914062,-10.593152364095053,,,0.0189229417592287,186.4708403582627,converged,0.6666666666666666,-3.0673091411590576,0.0547561645507812,False,,,,,,,,,Orthorhombic
N-Hf,7,Hf3N,12,-123.2650375366211,-10.272086461385092,,,0.0209438446909189,227.02624851965209,max_steps,0.75,-2.1526459654172263,0.1889030138651524,False,,,,,,,,,Triclinic
N-Hf,8,Hf9N7,16,-172.55467224121094,-10.784667015075684,,,0.0095449043437838,210.9728231459567,converged,0.5625,-4.000820383429527,0.0178122520446777,True,,,,,-247.49149064506983,-138.56759429355253,0.0,0.0,Triclinic
N-Hf,9,Hf2N,9,-95.8311767578125,-10.647908528645834,,,0.0167375840246677,140.22289067791485,converged,0.6666666666666666,-3.122065305709839,0.0,True,,,,,-189.86356068599713,-104.91603411746348,0.0,0.0,Trigonal
N-Hf,10,HfN,4,-43.58088684082031,-10.895221710205078,,,0.0175803489983081,46.785204884647605,converged,0.5,-4.556573033332825,0.0,True,,,,,-274.27781642193975,-131.82905381545413,0.0,0.0,Cubic
N-Hf,11,Hf3N2,10,-107.21971130371094,-10.721971130371092,,,0.0149258421733975,140.87855105747232,converged,0.6,-3.671005725860596,0.0248626708984374,True,,,,,-222.32094672413643,-128.1681159651268,0.0,0.0,Orthorhombic
N-Ta,0,Ta2N,6,-68.44866180419922,-11.40811030069987,,,0.013760445639491,80.57098900674059,converged,0.6666666666666666,-2.5832475821177163,0.0531613667805994,False,,,,,,,,,Tetragonal
N-Ta,1,TaN,4,-43.25308609008789,-10.813271522521973,,,0.006878129672259,52.978077815342104,converged,0.5,-3.5003582239151,0.2311944961547851,False,,,,,,,,,Hexagonal
N-Ta,2,TaN,4,-44.17786407470703,-11.044466018676758,,,0.0089085083454847,43.936960154035475,converged,0.5,-3.7315527200698857,0.0,True,,,,,-334.78012130463674,-201.77756855451827,0.0,0.0,Hexagonal
N-Ta,3,Ta7N8,15,-163.87908935546875,-10.925272623697916,,,0.0190689731389284,175.06413314126797,converged,0.4666666666666667,-3.914749209086101,0.0023209889729813,True,,,,,-288.1244976353639,-113.0443463647428,0.0,0.0,Triclinic
N-Ta,4,Ta3N2,20,-225.8436279296875,-11.292181396484375,,,0.0193470381200313,248.6853747116863,converged,0.6,-3.072098445892334,0.0023680114746094,True,,,,,,,,,Monoclinic
N-Ta,5,Ta4N,15,-175.0576934814453,-11.67051289876302,,,0.0188746843487024,235.18730349812665,converged,0.8,-1.6360906442006429,0.0052375793457026,True,,,,,,,,,Monoclinic
N-Ta,6,TaN3,4,-38.31191635131836,-9.57797908782959,,,0.0149957695975899,48.39716720542662,converged,0.25,-4.532989919185638,0.0,True,,,,,-192.87959740475264,-103.09873771107704,0.0,0.0,Tetragonal
N-Ta,7,TaN2,6,-61.05409240722656,-10.175682067871094,,,0.0181108564138412,69.07071411962403,converged,0.3333333333333333,-4.374718189239502,0.0877739588419599,False,,,,,,,,,Triclinic
N-Ta,8,TaN,6,-65.84020233154297,-10.973367055257162,,,0.0143142258748412,65.31967658332435,converged,0.5,-3.660453756650289,0.0710989634195962,False,,,,,,,,,Monoclinic
N-Ta,9,Ta5N3,16,-181.06167602539065,-11.316354751586914,,,0.0159617662429809,208.80474738579488,converged,0.625,-2.869479387998581,0.0407155036926267,False,,,,,,,,,Monoclinic
N-Ta,10,Ta3N5,8,-84.84955596923828,-10.606194496154783,,,0.0196469165384769,102.87202219403348,converged,0.375,-4.427243262529373,0.0,True,,,,,-272.7280346358665,-150.3273510954654,0.0,0.0,Monoclinic
N-Ta,11,Ta8N3,11,-127.7412109375,-11.612837357954543,,,0.0114489207044243,161.1804534890867,converged,0.7272727272727273,-2.2381748502904717,0.0,True,,,,,-251.39638037048113,-119.74709484969424,0.0,0.0,Trigonal
N-Zr,0,Zr7N,16,-142.3189697265625,-8.894935607910156,,,0.0178682766854763,334.22300538315193,converged,0.875,-1.1063838303089142,0.0552120208740229,False,,,,,,,,,Monoclinic
N-Zr,1,Zr5N2,14,-133.02671813964844,-9.501908438546318,,,0.0160683784633874,246.4891574625566,converged,0.7142857142857143,-2.633833817073277,0.0212424142020082,True,,,,,,,,,Triclinic
N-Zr,2,Zr4N5,9,-88.92619323730469,-9.880688137478298,,,0.0164903961122035,113.21034532924207,converged,0.4444444444444444,-4.558106025060018,0.0,True,,,,,-221.4744460868821,-119.61617169856304,0.0,0.0,Trigonal
N-Zr,3,Zr2N,12,-116.31515502929688,-9.69292958577474,,,0.015380092896521,194.59238179835316,converged,0.6666666666666666,-3.0975889364878335,0.0,True,,,,,-163.66458576715974,-89.92414161862695,0.0,0.0,Orthorhombic
N-Zr,4,Zr2N,18,-173.3376007080078,-9.629866706000437,,,0.0196975506842136,293.59619100900676,converged,0.6666666666666666,-3.034526056713528,0.0630628797743053,False,,,,,,,,,Monoclinic
N-Zr,5,ZrN,12,-121.35205078125,-10.1126708984375,,,0.0128223411738872,147.81800181257486,converged,0.5,-4.471899151802063,1.1444091796875e-05,True,,,,,-255.97516534870388,-127.70992869910074,0.0,0.0,Cubic
N-Zr,6,ZrN,16,-161.80291748046875,-10.112682342529297,,,0.0147366765886545,197.02198754519316,converged,0.5,-4.47191059589386,0.0,True,,,,,-255.2241400696689,-127.41958222908605,0.0,0.0,Cubic
N-Zr,7,Zr2N,3,-29.002044677734375,-9.66734822591146,,,0.0016241952544078,49.3087918975893,converged,0.6666666666666666,-3.0720075766245523,0.0255813598632812,False,,,,,,,,,Trigonal
N-Zr,8,Zr2N,3,-28.946741104125977,-9.648913701375326,,,0.0074489647522568,49.5702847844749,converged,0.6666666666666666,-3.053573052088419,0.044015884399414,False,,,,,,,,,Trigonal
N-Zr,9,Zr2N,12,-115.43585968017578,-9.619654973347982,,,0.0164676196873188,192.74685415883343,converged,0.6666666666666666,-3.0243143240610757,0.0732746124267578,False,,,,,,,,,Tetragonal
N-Zr,10,Zr3N2,5,-49.226593017578125,-9.845318603515626,,,0.0131364408880472,73.33538955500862,converged,0.6,-3.6318055152893063,0.0155120849609371,True,,,,,-192.5374788036117,-107.55389381810257,0.0,0.0,Tetragonal
N-Zr,11,Zr12N7,19,-185.1888885498047,-9.746783607884458,,,0.0171521194279193,295.89725500597524,converged,0.631578947368421,-3.352404832839966,0.034514979312294,False,,,,,,,,,Triclinic
Ni-Bi,0,NiBi,8,-37.95353317260742,-4.744191646575928,,,0.013391894288361,152.5361736808688,converged,0.5,0.0207542181015014,0.1027593612670898,False,,,,,,,,,Orthorhombic
Ni-Bi,1,Ni3Bi2,5,-24.69518280029297,-4.939036560058594,,,0.0189719963818788,98.9158833807507,converged,0.4,0.0277361869812011,0.0933403015136718,False,,,,,,,,,Trigonal
Ni-Bi,2,Ni3Bi8,11,-48.170284271240234,-4.379116751930931,,,0.0118582900613546,282.4605257088949,converged,0.7272727272727273,-0.0728683471679687,0.016591809012673,True,,,,,-70.61008751509596,-27.877546773564855,0.0,0.0,Trigonal
Ni-Bi,3,NiBi,4,-19.35298538208008,-4.8382463455200195,,,0.0094077074900269,79.20399897501125,converged,0.5,-0.0733004808425903,0.008704662322998,True,,,,,-95.61124416713687,-37.304136196134074,0.0,0.0,Hexagonal
Ni-Bi,4,NiBi2,3,-13.466707229614258,-4.488902409871419,,,0.0098605463281273,78.50480771185711,converged,0.6666666666666666,-0.0603346824645996,0.0490055084228515,False,,,,,,,,,Trigonal
Ni-Bi,5,Ni3Bi2,20,-98.42579650878906,-4.9212898254394535,,,0.0185305457562208,382.7007447291728,converged,0.4,0.0454829216003418,0.1110870361328125,False,,,,,,,,,Monoclinic
Ni-Bi,6,NiBi4,10,-42.15408706665039,-4.215408706665039,,,0.0198843479156494,287.34349684149464,converged,0.8,-0.055943489074707,0.0096606254577636,True,,,,,-59.99043541099368,-15.067152522622766,0.0,0.0,Orthorhombic
Ni-Bi,7,NiBi2,6,-27.137910842895508,-4.522985140482585,,,0.0111442664638161,148.39136234206578,converged,0.6666666666666666,-0.0944174130757649,0.0149227778116862,True,,,,,-79.53040023220507,-21.508344248350205,0.0,0.0,Monoclinic
Ni-Bi,8,NiBi2,12,-54.254493713378906,-4.521207809448242,,,0.0096992030739784,283.89551491810363,converged,0.6666666666666666,-0.0926400820414225,0.0167001088460286,True,,,,,,,,,Cubic
Ni-Bi,9,NiBi,8,-38.48274230957031,-4.810342788696289,,,0.0149178197607398,161.73515087772313,converged,0.5,-0.0453969240188598,0.0366082191467285,False,,,,,,,,,Orthorhombic
Ni-Bi,10,NiBi2,6,-27.227447509765625,-4.5379079182942705,,,0.0158888678997755,144.3397546607117,converged,0.6666666666666666,-0.1093401908874511,0.0,True,,,,,-82.0916166553558,-24.68243997054376,0.0,0.0,Monoclinic
Ni-Bi,11,Ni2Bi,12,-59.63467788696289,-4.969556490580241,,,0.0188366007059812,203.43337257063573,converged,0.3333333333333333,0.1317675113677978,0.1864376068115234,False,,,,,,,,,Monoclinic
Ni-Si,0,SiNi4,20,-120.20813751220705,-6.010406875610352,,,0.0189015213400125,215.95696408985052,converged,0.2,-0.3082353591918945,0.0450416564941406,False,,,,,,,,,Orthorhombic
Ni-Si,1,Si2Ni3,5,-29.86014175415039,-5.972028350830078,,,0.0110439313575625,61.742385601980374,converged,0.4,-0.3417655944824219,0.146060562133789,False,,,,,,,,,Trigonal
Ni-Si,2,Si2Ni13,15,-89.08834075927734,-5.939222717285157,,,0.0189962517470121,161.55680141656788,converged,0.1333333333333333,-0.2130816141764323,0.0224363962809244,True,,,,,,,,,Triclinic
Ni-Si,3,SiNi3,4,-24.487873077392575,-6.1219682693481445,,,0.0178707465529441,43.03627898517418,converged,0.25,-0.4377739429473877,0.0,True,,,,,-219.34805442510805,-78.44161467053391,0.0,0.0,Tetragonal
Ni-Si,4,SiNi,8,-48.82117462158203,-6.102646827697754,,,0.0173713453114032,97.71451695170636,converged,0.5,-0.508338451385498,0.0,True,,,,,-181.0600319617438,-93.55615901663894,0.0,0.0,Orthorhombic
Ni-Si,5,SiNi,12,-70.61634826660156,-5.884695688883464,,,0.0103050339967012,135.06502224174898,converged,0.5,-0.2903873125712077,0.2179511388142903,False,,,,,,,,,Tetragonal
Ni-Si,6,Si3Ni5,16,-97.46226501464844,-6.091391563415527,,,0.0182404033839702,177.90775285987397,converged,0.375,-0.452140212059021,0.0273439089457193,False,,,,,,,,,Triclinic
Ni-Si,7,SiNi4,5,-30.27724266052246,-6.055448532104492,,,0.01850669644773,53.674815920434305,converged,0.2,-0.3532770156860351,0.0,True,,,,,-210.1333008115746,-85.55755598916986,0.0,0.0,Tetragonal
Ni-Si,8,Si7Ni9,16,-95.61138153076172,-5.975711345672607,,,0.0188712626695632,178.50223413561386,converged,0.4375,-0.3589314818382263,0.1365867853164672,False,,,,,,,,,Cubic
Ni-Si,9,Si2Ni3,20,-122.36177825927734,-6.118088912963867,,,0.0184511244297027,223.93005602868317,converged,0.4,-0.4878261566162109,0.0,True,,,,,-205.94043967778495,-71.65869166289454,0.0,0.0,Triclinic
Ni-Si,10,Si2Ni3,10,-60.922950744628906,-6.092295074462891,,,0.0180451404303312,110.48579714040888,converged,0.4,-0.4620323181152344,0.0257938385009765,False,,,,,,,,,Monoclinic
Ni-Si,11,Si2Ni,12,-70.33102416992188,-5.860918680826823,,,0.0170338787138462,160.67761915585646,converged,0.6666666666666666,-0.3265342712402344,0.012358029683431,True,,,,,-114.52401004550704,-46.05225470713675,0.0,0.0,Cubic
Ti-N,0,TiN,4,-38.88854217529297,-9.722135543823242,,,0.0150372926145792,38.396038484746576,converged,0.5,-4.410357117652893,0.1093673706054687,False,,,,,,,,,Hexagonal
Ti-N,1,Ti3N,8,-71.44701385498047,-8.930876731872559,,,0.0184640157967805,110.46629108248924,converged,0.25,-2.35174161195755,0.0502879619598388,False,,,,,,,,,Trigonal
Ti-N,2,TiN,8,-78.65202331542969,-9.831502914428713,,,0.0094127189368009,76.77261513813872,converged,0.5,-4.519724488258362,0.0,True,,,,,-294.77060938420266,-176.841681808972,0.0,0.0,Cubic
Ti-N,3,Ti3N,8,-71.45133972167969,-8.931417465209961,,,0.0110968267545104,110.41488276281152,converged,0.25,-2.3522823452949524,0.0497472286224365,False,,,,,,,,,Hexagonal
Ti-N,4,TiN,6,-58.42988586425781,-9.738314310709637,,,0.0151931960135698,58.19383832480659,converged,0.5,-4.426535884539287,0.0931886037190752,False,,,,,,,,,Trigonal
Ti-N,5,TiN,12,-117.97792053222656,-9.831493377685549,,,0.0147657059133052,115.23725805190846,converged,0.5,-4.519714951515198,9.5367431640625e-06,True,,,,,-285.964821322164,-173.42514888249224,0.0,0.0,Cubic
Ti-N,6,TiN2,6,-52.60626602172851,-8.76771100362142,,,0.0183762777596712,58.70207093802774,converged,0.6666666666666666,-4.30083703994751,0.3035818735758466,False,,,,,,,,,Orthorhombic
Ti-N,7,Ti2N,6,-53.990962982177734,-8.998493830362955,,,0.0185578521341085,76.86867614078217,converged,0.3333333333333333,-2.841810941696167,0.3608951568603515,False,,,,,,,,,Hexagonal
Ti-N,8,TiN4,10,-84.6312484741211,-8.463124847412109,,,0.0191836804151535,133.75189707880446,converged,0.8,-4.672174453735352,0.0,True,,,,,-134.43719736273997,-78.26636112904377,0.0,0.0,Monoclinic
Ti-N,9,Ti3N5,8,-73.16487884521484,-9.145609855651855,,,0.0187687911093235,89.83992889838589,converged,0.625,-4.467509776353836,0.1157355308532714,False,,,,,,,,,Orthorhombic
Ti-N,10,Ti2N,12,-112.31266784667967,-9.359388987223308,,,0.0161234568804502,149.1640562659458,converged,0.3333333333333333,-3.2027060985565186,0.0,True,,,,,-223.55851582546447,-156.8539386577495,0.0,0.0,Tetragonal
Ti-N,11,TiN,4,-39.32598114013672,-9.83149528503418,,,0.016860069707036,38.396028806598,converged,0.5,-4.519716858863831,7.62939453125e-06,True,,,,,-277.1588245353231,-170.01702607048242,0.0,0.0,Cubic
Ti-Si,0,TiSi,12,-85.09050750732422,-7.090875625610352,,,0.0193001087754964,199.73757983729692,converged,0.5,-0.4603614807128906,0.3345985412597656,False,,,,,,,,,Cubic
Ti-Si,1,TiSi,4,-29.70189666748047,-7.425474166870117,,,0.0189987570047378,59.76941427965274,converged,0.5,-0.7949600219726562,0.0,True,,,,,-154.0792484723404,-122.29173001884791,0.0,0.0,Orthorhombic
Ti-Si,2,TiSi2,9,-60.923824310302734,-6.769313812255859,,,0.0164173152297735,127.05284170472176,converged,0.6666666666666666,-0.5441255569458008,0.0,True,,,,,-132.29397025741218,-102.37735606249588,0.0,0.0,Hexagonal
Ti-Si,3,TiSi2,3,-19.407312393188477,-6.469104131062825,,,0.0020208768546581,42.61251760020522,converged,0.6666666666666666,-0.2439158757527669,0.3002096811930338,False,,,,,,,,,Hexagonal
Ti-Si,4,TiSi2,12,-79.76905059814453,-6.647420883178711,,,0.0134656550362706,174.62625312659898,converged,0.6666666666666666,-0.4222326278686523,0.1218929290771484,False,,,,,-142.73939830191313,-86.39505270758337,0.0,0.0,Orthorhombic
Ti-Si,5,TiSi3,4,-24.96224594116211,-6.240561485290527,,,0.0172042120248079,55.873745924579275,converged,0.75,-0.2180361747741699,0.1900579929351806,False,,,,,,,,,Tetragonal
Ti-Si,6,Ti9Si5,14,-106.05494689941406,-7.575353349958148,,,0.0113505683839321,215.9590842668198,converged,0.3571428571428571,-0.5974170139857701,0.1227784837995257,False,,,,,,,,,Trigonal
Ti-Si,7,Ti2Si7,18,-110.78492736816406,-6.154718187120226,,,0.0154174463823437,261.9385973853151,converged,0.7777777777777778,-0.199747191535102,0.1630031797620984,False,,,,,,,,,Triclinic
Ti-Si,8,Ti2Si,6,-46.180477142333984,-7.696746190388997,,,0.0162716098129749,94.07202812145512,converged,0.3333333333333333,-0.6609061559041342,0.0468285878499348,False,,,,,-133.64229082869545,-102.10570235448118,0.0,0.0,Tetragonal
Ti-Si,9,Ti2Si,12,-92.9228973388672,-7.743574778238933,,,0.0195767693221569,190.3017428892327,converged,0.3333333333333333,-0.707734743754069,0.0,True,,,,,-133.33065967079563,-97.10476188279893,0.0,0.0,Orthorhombic
Ti-Si,10,Ti2Si3,5,-34.3387336730957,-6.867746734619141,,,0.0121296867728233,73.49283735442275,converged,0.6,-0.4804281234741211,0.1640312194824218,False,,,,,,,,,Orthorhombic
Ti-Si,11,Ti5Si3,8,-59.64583969116211,-7.455729961395264,,,0.0157647039741277,121.12305837804672,converged,0.375,-0.521221399307251,0.2083196640014648,False,,,,,,,,,Tetragonal
